Price,Close,High,Low,Open,Volume
Ticker,7203.T,7203.T,7203.T,7203.T,7203.T
Date,,,,,
2020-04-01,1099.1458740234375,1146.3687177189784,1086.8193708298024,1116.3336348938706,55771500
2020-04-02,1091.5069580078125,1111.9933084616937,1088.5555103910726,1098.972309533571,50396500
2020-04-03,1075.5345458984375,1106.2641255457113,1069.9788983181973,1085.0832787514503,40147000
2020-04-06,1142.37548828125,1151.750648656243,1071.5412846689983,1081.6108346492688,52831500
2020-04-07,1148.972900390625,1169.6329273140796,1118.7642470831142,1156.4382517615247,47160500
2020-04-08,1172.4110107421875,1175.5360300607501,1137.6883383910777,1152.9662930325287,42991000
2020-04-09,1159.737060546875,1168.244156221385,1147.4105563313215,1166.508022897213,28752000
2020-04-10,1151.92431640625,1161.646619418643,1137.340755922505,1142.3755843184815,29598000
2020-04-13,1132.8270263671875,1152.0980644296642,1131.2644639447503,1138.9034931752874,20673000
2020-04-14,1171.8900146484375,1172.758081325955,1134.563147515191,1134.563147515191,33582500
2020-04-15,1169.8065185546875,1171.889899569176,1154.7021386560973,1159.7369672773473,26336000
2020-04-16,1146.195068359375,1149.3200866769464,1139.0768592283566,1144.4589352979294,28434000
2020-04-17,1172.9315185546875,1179.1816614993638,1150.0146456530163,1152.4451684938695,33658500
2020-04-20,1151.92431640625,1167.549514368053,1151.92431640625,1157.1327157268508,22320000
2020-04-21,1138.9031982421875,1155.2228901152523,1138.20870268647,1149.1464248807283,22528000
2020-04-22,1128.4866943359375,1133.5215235121204,1119.9795984079517,1129.3547610238882,23568000
2020-04-23,1140.639404296875,1141.1602230144827,1130.7434248017257,1137.6879569435637,17181000
2020-04-24,1135.9517822265625,1140.6393624433315,1119.284948083769,1119.8057667822661,24035000
2020-04-27,1156.0911865234375,1158.0008907337838,1135.7784060776528,1138.208929075806,21065000
2020-04-28,1160.6051025390625,1168.4177023317711,1148.4521695281821,1151.4036173095722,19544000
2020-04-30,1157.3062744140625,1193.591498349963,1156.6118847577516,1184.0427663631635,40368500
2020-05-01,1127.4449462890625,1150.8827445685365,1121.1948031687725,1146.3687346541335,30841000
2020-05-07,1113.555908203125,1121.0212599801785,1106.4376983037118,1108.0002606137489,29652000
2020-05-08,1127.0975341796875,1130.3961232110046,1114.7709266354038,1119.4585068011133,27246000
2020-05-11,1155.91748046875,1158.868928145449,1142.722910339601,1149.3201954041756,25900000
2020-05-12,1133.1741943359375,1155.396678759925,1125.8824134873198,1147.5840791289413,39047000
2020-05-13,1108.3475341796875,1121.542104791164,1106.2641530396736,1113.2086861962753,40657500
2020-05-14,1083.867919921875,1098.2778040808432,1083.867919921875,1093.7639002120636,32473000
2020-05-15,1084.9095458984375,1097.236047719352,1077.791337073068,1093.7637817455566,27393000
2020-05-18,1086.298583984375,1093.763935685705,1084.7360216901873,1090.2916692232109,21725000
2020-05-19,1116.5072021484375,1121.8892785685487,1100.3611848184235,1101.7500701650085,35095000
2020-05-20,1113.7294921875,1116.507263032143,1108.8683402267918,1111.4725401305818,21370500
2020-05-21,1104.5279541015625,1118.9378383520086,1103.1390687458256,1118.24334269156,17638000
2020-05-22,1091.8541259765625,1117.3751972368466,1090.2915638334152,1114.5974267214215,23268500
2020-05-25,1108.173583984375,1110.256964610605,1100.0137383446388,1108.5208317496035,15351500
2020-05-26,1154.354736328125,1159.736705599794,1115.6388902762624,1118.0695185722566,38703000
2020-05-27,1170.1536865234375,1176.2301522546422,1144.458938338802,1152.7923558628524,38496500
2020-05-28,1210.605712890625,1211.8210273775899,1185.0845325250264,1187.3415905573179,48670500
2020-05-29,1172.758056640625,1205.7445896919528,1172.758056640625,1197.9319897587436,109161500
2020-06-01,1166.681640625,1184.042974562872,1160.6051737467449,1177.9665076846168,22533500
2020-06-02,1176.056884765625,1191.8556573568985,1175.0151410781205,1177.9665892449464,29813500
2020-06-03,1200.5361328125,1204.3556471251097,1190.9874000135576,1197.931932958243,32221500
2020-06-04,1210.779296875,1232.654532100868,1203.661087406309,1216.508515056522,39300000
2020-06-05,1226.9254150390625,1226.9254150390625,1204.8765011025107,1205.918138688579,26825500
2020-06-08,1244.2864990234375,1245.5018132742052,1233.696024512628,1243.0711847726698,31710500
2020-06-09,1236.30029296875,1237.689284170142,1218.7653916852646,1232.654455977974,29232500
2020-06-10,1231.61279296875,1239.598962385172,1217.2028042921534,1225.8834692948506,23854000
2020-06-11,1198.8001708984375,1225.1894210525973,1198.8001708984375,1205.5711338732183,29786000
2020-06-12,1189.772216796875,1196.3695026290286,1163.7302153816574,1170.501178135684,36581500
2020-06-15,1163.2093505859375,1197.0639510880656,1163.2093505859375,1184.0429508949394,21524000
2020-06-16,1218.9390869140625,1225.1892300622815,1188.0359369042146,1194.4596509877333,36452000
2020-06-17,1205.57080078125,1216.1611697232586,1198.799839677245,1215.293103220958,23684000
2020-06-18,1195.6748046875,1204.876288289767,1188.0357771883646,1194.4594904082992,17525500
2020-06-19,1189.4248046875,1200.0152807131715,1184.91090078486,1199.320785051922,29101500
2020-06-22,1183.695556640625,1192.7234701843972,1177.0982718850382,1180.3969672454105,14133000
2020-06-23,1197.2371826171875,1209.9110373175538,1185.257929414772,1194.8066601826345,25700000
2020-06-24,1211.300048828125,1217.3765144963534,1197.0637366409599,1197.2373075597056,26051000
2020-06-25,1179.70263671875,1195.848656028268,1179.3553888482413,1193.9389516882286,29914500
2020-06-26,1192.376220703125,1198.6263635932653,1184.216373742895,1184.563621564318,23512000
2020-06-29,1173.452392578125,1181.785810179179,1169.6328786044721,1177.0982296644756,25504000
2020-06-30,1173.97314453125,1194.1122447519986,1171.8897637582058,1192.7233595583518,23943500
2020-07-01,1155.570068359375,1176.230093194158,1153.3131166798548,1173.6258937258315,25141000
2020-07-02,1176.577392578125,1184.2163144411088,1156.6118624454282,1158.1743186158521,28370500
2020-07-03,1173.799560546875,1178.8343889830862,1165.4661427603498,1176.4037602279864,19218500
2020-07-06,1190.8138427734375,1190.8138427734375,1175.0149665634522,1181.4386808042082,20675000
2020-07-07,1175.3623046875,1191.6820009348135,1171.5427900375785,1190.9875051929469,21976000
2020-07-08,1168.0703125,1183.8691870728594,1167.7230646917217,1175.1885216916685,23367000
2020-07-09,1164.771728515625,1173.1051461263232,1159.910471107993,1163.209166353864,20008500
2020-07-10,1140.292236328125,1158.5216344766818,1140.292236328125,1157.1327491441093,33231500
2020-07-13,1173.97314453125,1175.5356006371721,1148.9727871850157,1158.8687663831147,26204500
2020-07-14,1170.8482666015625,1179.3552556598563,1162.341171578108,1162.5147425111743,20668000
2020-07-15,1186.64697265625,1192.7234385001373,1179.7024402632362,1180.570506812363,23768000
2020-07-16,1178.8345947265625,1190.8139577365105,1175.0150800012766,1180.3971571940078,26943000
2020-07-17,1182.827392578125,1190.639991083879,1181.6120782842002,1183.1746403714105,16074000
2020-07-20,1179.5286865234375,1185.2579036666673,1175.3619253473767,1177.96612459113,12793000
2020-07-21,1176.2303466796875,1187.5152134744005,1172.9316509228572,1185.7790801213678,20404000
2020-07-22,1168.244140625,1182.133207032953,1168.244140625,1176.230311423506,17611000
2020-07-27,1169.6328125,1171.5425163963182,1151.2297392907287,1151.5769870805543,25582000
2020-07-28,1152.097900390625,1164.2508322764552,1149.3201297742123,1159.0424328968136,23719000
2020-07-29,1116.8543701171875,1142.0282993477147,1116.8543701171875,1139.0768519690362,32327500
2020-07-30,1117.2015380859375,1132.4794866445113,1114.2500909181672,1130.048964126752,22763000
2020-07-31,1079.35400390625,1107.8265240757423,1079.35400390625,1104.1806868354622,32558500
2020-08-03,1098.972412109375,1100.3612975983117,1085.951411965899,1095.32657445527,20577000
2020-08-04,1135.2574462890625,1135.7782650121828,1110.9515835353661,1111.125154454689,24323500
2020-08-05,1154.1810302734375,1154.5282780162436,1126.5765831450615,1130.3959904205271,26741000
2020-08-06,1180.5706787109375,1189.251345466165,1139.7715449613684,1147.584145041073,56855000
2020-08-07,1194.112548828125,1205.7446639716422,1182.306862728133,1182.306862728133,38323500
2020-08-11,1241.335205078125,1241.335205078125,1207.4806085759944,1210.0848083069275,47353500
2020-08-12,1257.65478515625,1260.953374270788,1237.342007902465,1239.7725305186798,34724500
2020-08-13,1264.77294921875,1281.2662134844716,1264.77294921875,1267.550719761652,34598000
2020-08-14,1246.7171630859375,1259.56459068366,1244.4602112012449,1257.6548866193411,24891000
2020-08-17,1242.376708984375,1264.5992957374058,1242.376708984375,1252.2726880907799,16037000
2020-08-18,1245.84912109375,1255.0507116719575,1237.1684552389574,1251.7520162610726,21201000
2020-08-19,1249.1478271484375,1249.3213980809487,1226.4045248011528,1234.390695069547,16316500
2020-08-20,1229.8768310546875,1247.5853053514722,1228.6615165922194,1243.765896991092,14443500
2020-08-21,1229.5294189453125,1246.8907490463048,1229.3557420652128,1242.0295978110569,14287000
2020-08-24,1226.5782470703125,1235.432485024029,1226.5782470703125,1234.7380952431497,13343500
2020-08-25,1241.16162109375,1252.2728095830976,1237.3421070021916,1239.5990588855625,20393000
2020-08-26,1236.6475830078125,1245.8490672229866,1231.612860608831,1235.9531933485503,13868500
2020-08-27,1227.9669189453125,1230.571118592149,1222.0641299915758,1229.1822333068671,12679500
2020-08-28,1225.015380859375,1247.0642907644467,1211.4735648906776,1239.9461879757516,28873000
2020-08-31,1216.334716796875,1237.5155602308862,1216.334716796875,1233.8697233787432,22006500
2020-09-01,1211.6473388671875,1215.2931760091528,1202.4457486195652,1213.5570429005684,19728000
2020-09-02,1210.4320068359375,1216.1612248176364,1207.6541303236427,1210.4320068359375,14908500
2020-09-03,1213.7305908203125,1222.0641143556888,1210.9528202852894,1222.0641143556888,16797000
2020-09-04,1223.2794189453125,1229.3558851880882,1204.529201446351,1206.6125824940493,20013500
2020-09-07,1209.390380859375,1222.2378093092022,1205.0500477297257,1216.855838614503,20615500
2020-09-08,1217.8974609375,1218.591956615618,1207.654232493657,1216.1613277073682,21390500
2020-09-09,1195.501220703125,1203.8347444279482,1187.167802943458,1199.3207347494763,35819500
2020-09-10,1207.480712890625,1207.480712890625,1199.6681130228928,1207.3071419462979,21490000
2020-09-11,1207.6541748046875,1207.6541748046875,1189.9457014753968,1190.1192724040534,23824500
2020-09-14,1223.452880859375,1223.9736995384903,1211.6471982838054,1212.5152647373789,16699500
2020-09-15,1226.75146484375,1242.2030900409384,1222.4111325934323,1229.182093289985,18899000
2020-09-16,1226.404541015625,1226.9253597852044,1215.6404939286185,1223.1058455330199,15153000
2020-09-17,1218.9390869140625,1229.529563096394,1216.1613161582952,1219.286334749824,16123000
2020-09-18,1221.8905029296875,1231.2656644266672,1220.675188518574,1228.3142168468655,28528000
2020-09-23,1229.3558349609375,1232.6545303154503,1213.3834948332012,1226.5780643209375,28209500
2020-09-24,1202.79296875,1222.5849281183803,1202.79296875,1218.4181663676202,24755500
2020-09-25,1220.6751708984375,1226.578065972834,1213.5570673956279,1216.6820858611259,25681000
2020-09-28,1246.3699951171875,1246.3699951171875,1214.7723514980437,1223.4530169997229,37334000
2020-09-29,1252.3560791015625,1260.6311936247478,1244.4331176891164,1249.891222250471,29231000
2020-09-30,1220.48828125,1246.3699781873556,1219.9601052843495,1234.2213936671535,27261500
2020-10-02,1213.2694091796875,1232.9888006680935,1208.1635653543751,1218.375360467038,24475000
2020-10-05,1216.4388427734375,1229.467649505405,1212.3892427793144,1228.5873203696483,20136000
2020-10-06,1225.0657958984375,1229.6435711046265,1212.5651672772224,1216.4386363095255,23551000
2020-10-07,1232.98876953125,1232.98876953125,1215.5583198986124,1219.7838345995387,21226000
2020-10-08,1238.447021484375,1246.1938530910215,1229.8197533152397,1234.2213988174417,24101500
2020-10-09,1226.6507568359375,1237.56686065809,1223.129439955376,1237.0385771563554,16979500
2020-10-12,1216.790771484375,1222.7770520168629,1214.8540905567104,1220.4882179763383,13191000
2020-10-13,1237.7427978515625,1237.7427978515625,1222.9532249919848,1228.4113302563303,18338500
2020-10-14,1221.0166015625,1227.178905968367,1218.1995911046422,1225.7704007394382,15327000
2020-10-15,1217.4952392578125,1220.664402769977,1213.973922586062,1214.5020985944132,14224000
2020-10-16,1202.353759765625,1222.601332972506,1201.6494533649059,1221.897026571787,18851000
2020-10-19,1222.7772216796875,1223.3053976912413,1209.5722840805547,1210.2765904039982,15235000
2020-10-20,1214.3260498046875,1222.777188143941,1212.9175446584877,1219.4318943924188,11712000
2020-10-21,1234.0455322265625,1241.616341956492,1224.7139566107705,1225.770416142288,23975000
2020-10-22,1226.4744873046875,1229.6437581071177,1222.0728417035912,1226.6506176059618,16037500
2020-10-23,1227.7069091796875,1234.2213658413018,1222.6010650107812,1234.0453430107361,19816500
2020-10-26,1230.7003173828125,1232.9891519885355,1224.5380125032134,1227.1790003087558,13375000
2020-10-27,1225.5941162109375,1231.2282438797963,1219.0797669140557,1227.1787515578828,16171500
2020-10-28,1213.973876953125,1219.6080049085522,1205.1705856046615,1212.7413946719296,18801000
2020-10-29,1213.6217041015625,1219.0798091262197,1193.7262874694813,1196.3672748311394,20499500
2020-10-30,1197.7757568359375,1210.9806933896089,1197.7757568359375,1205.6987187681405,26039000
2020-11-02,1223.4815673828125,1235.277892714742,1206.0510062061044,1208.868016666433,28606000
2020-11-04,1228.2349853515625,1241.9682038054575,1228.2349853515625,1236.6862297730477,31390500
2020-11-05,1229.6436767578125,1238.0948142604072,1218.9035977244362,1224.5377252135138,28217000
2020-11-06,1235.8060302734375,1259.222762778661,1235.101724010494,1244.7853440847032,55464500
2020-11-09,1262.9200439453125,1275.068627919284,1253.4125546049395,1260.45518706242,39193000
2020-11-10,1279.4703369140625,1295.8444367006143,1269.7867168028486,1288.8018038924588,44128500
2020-11-11,1321.0220947265625,1321.0220947265625,1297.4293345238975,1301.1266745112937,50376500
2020-11-12,1309.04931640625,1321.7260764031982,1299.3656967152824,1316.4441020263068,29082000
2020-11-13,1288.097412109375,1312.042426544611,1282.639415030233,1307.6407813317412,28673000
2020-11-16,1315.9158935546875,1316.091916378082,1296.0203712571986,1302.8869807622484,27563500
2020-11-17,1309.753662109375,1320.1414808863944,1303.415228188877,1319.9654580533447,23499500
2020-11-18,1288.6258544921875,1307.2887895125277,1283.5199024304818,1303.0631666020088,22772000
2020-11-19,1285.4564208984375,1302.358802939392,1271.723309370315,1295.4921934443103,32636500
2020-11-20,1294.4361572265625,1294.4361572265625,1277.0055950037486,1283.167899784855,20376000
2020-11-24,1308.344970703125,1323.3105643195258,1305.3519379494774,1316.444062313931,27571500
2020-11-25,1294.0838623046875,1324.7193599889677,1289.1540405121284,1320.4937370455996,33473500
2020-11-26,1285.4564208984375,1288.8017142344088,1278.9420719737159,1281.7590819161878,22660000
2020-11-27,1276.8292236328125,1290.0341588452409,1265.5609692667251,1285.2803606763591,37279000
2020-11-30,1232.28466796875,1281.5830956006262,1232.28466796875,1279.6463071807188,46772500
2020-12-01,1235.6298828125,1259.046614992441,1228.9394032556665,1252.0039823090274,31431500
2020-12-02,1246.3701171875,1262.2160426965042,1241.2641648719969,1260.2792539903899,34411500
2020-12-03,1261.3355712890625,1268.026050923895,1253.2364791314883,1263.9765585761315,31729000
2020-12-04,1264.32861328125,1271.0192004259495,1251.651960182353,1252.7083121199114,23686000
2020-12-07,1268.3782958984375,1278.7661155025344,1262.0398614732737,1276.4772811804153,22603500
2020-12-08,1267.4976806640625,1272.603524159159,1253.9405931761983,1260.6310717854465,20672000
2020-12-09,1293.9078369140625,1296.7248472293993,1273.4841360106773,1275.9491006331384,28535500
2020-12-10,1316.972412109375,1320.1415755658902,1300.07013536659,1303.4153216687791,32708000
2020-12-11,1376.8345947265625,1376.8345947265625,1335.1069774604723,1338.4522707393808,78526000
2020-12-14,1400.075439453125,1408.1744242885004,1375.9544003223075,1382.1167040985429,45357000
2020-12-15,1391.8001708984375,1402.3641190646497,1384.7575387876295,1395.8496628697446,24025500
2020-12-16,1405.00537109375,1411.3436982040866,1396.202079294917,1399.7233960144504,29555500
2020-12-17,1408.526611328125,1416.4495735168457,1402.716460548807,1408.70263416972,25085500
2020-12-18,1392.8564453125,1403.068347275204,1388.8069535662717,1399.723054223693,34311000
2020-12-21,1382.11669921875,1396.0259421065355,1371.3767270886215,1394.7934598632298,23712000
2020-12-22,1369.2640380859375,1383.7014582360152,1360.988922240961,1371.5528724782775,19459000
2020-12-23,1359.22802734375,1375.9542789755708,1355.88273403257,1371.5526338093023,17744000
2020-12-24,1363.2777099609375,1375.9544713041353,1360.1085464906519,1374.3698358379647,13676000
2020-12-25,1371.376708984375,1372.7852140458228,1364.5100990495002,1366.2707572418221,9966500
2020-12-28,1390.5677490234375,1390.5677490234375,1369.615982063415,1373.6654742101384,18226500
2020-12-29,1410.9915771484375,1411.519753135749,1397.9626629971444,1398.8429921300142,25593500
2020-12-30,1400.9559326171875,1413.8087176488557,1395.3218041553152,1398.490967833224,23459000
2021-01-04,1395.8497314453125,1413.8084657025606,1389.51140521901,1413.8084657025606,21387000
2021-01-05,1375.42626953125,1393.032852327446,1372.6091518066266,1382.1167495013938,29285500
2021-01-06,1376.4822998046875,1386.8702242114134,1372.7849612664445,1379.2994168708983,21993000
2021-01-07,1376.4822998046875,1393.0325267498374,1376.4822998046875,1392.6803736838076,28129500
2021-01-08,1397.7867431640625,1397.7867431640625,1377.1870184444215,1377.5391716159315,30802500
2021-01-12,1389.5113525390625,1396.0258088070311,1378.7712739724009,1389.5113525390625,26775500
2021-01-13,1381.4124755859375,1385.1099225370413,1374.898125768287,1382.116781899116,25074000
2021-01-14,1384.405517578125,1386.870482036553,1371.552734243859,1375.074050634729,27088000
2021-01-15,1361.5169677734375,1379.1235498148942,1359.228133600458,1374.3697511712912,30425000
2021-01-18,1344.4384765625,1362.5733408864253,1338.452303524716,1361.5168815536106,19487000
2021-01-19,1357.1151123046875,1363.8055909529517,1347.0793406012751,1348.6639757246678,20948500
2021-01-20,1353.24169921875,1359.7561553275418,1339.156435183324,1357.1151683208996,22139500
2021-01-21,1363.4537353515625,1376.4825413850701,1357.8196076923484,1358.8759596138054,26310000
2021-01-22,1348.6640625,1364.157831803937,1348.6640625,1355.7066946801567,22639500
2021-01-25,1351.6573486328125,1352.5376777503977,1342.325881478819,1352.5376777503977,19970000
2021-01-26,1320.49365234375,1335.9874230388402,1320.49365234375,1328.4166142578124,34543000
2021-01-27,1325.4234619140625,1327.3602503973314,1314.3313368264232,1323.4867808928414,35456000
2021-01-28,1302.35888671875,1313.803164972057,1284.9283276250478,1285.808656721456,108059000
2021-01-29,1285.2806396484375,1315.2118326265518,1285.2806396484375,1311.6905158055972,37625000
2021-02-01,1284.2239990234375,1288.2734909652072,1270.4907805379028,1281.40688172244,30239000
2021-02-02,1312.5706787109375,1312.5706787109375,1284.9283236762587,1295.8444259305836,27231500
2021-02-03,1370.1441650390625,1371.200516922053,1334.578849663793,1336.339507776806,47840000
2021-02-04,1366.0948486328125,1385.638113216868,1357.995755793701,1373.313504840098,25249500
2021-02-05,1394.7933349609375,1403.9487783544264,1383.1729273015724,1389.6873836082111,39170500
2021-02-08,1415.041015625,1422.6118243861304,1406.5898777646207,1408.3505359631183,37398500
2021-02-09,1407.470458984375,1426.1333962467274,1397.4346839628179,1422.6120792189577,34224000
2021-02-10,1431.4151611328125,1452.5430601901232,1409.4069329481135,1410.2872620755015,77501000
2021-02-12,1481.24169921875,1496.031270854435,1454.1276278360567,1467.5085869639265,63439000
2021-02-15,1488.8126220703125,1490.3972575321325,1467.5086995310485,1478.0726493777026,32680500
2021-02-16,1461.87451171875,1490.5732194703985,1456.064361032915,1490.3971966316356,38830000
2021-02-17,1452.014892578125,1461.6985130352264,1440.9227670014923,1461.3463598898304,22478500
2021-02-18,1424.9007568359375,1463.107063871071,1417.5059703997738,1461.34640555113,35121000
2021-02-19,1419.9708251953125,1422.0836365082232,1406.7658888171786,1417.3298379196856,20686500
2021-02-22,1419.090576171875,1439.3381464274291,1416.9777647397543,1434.408324727183,19143000
2021-02-24,1389.3353271484375,1432.8236056960889,1387.3986461348447,1432.8236056960889,32805000
2021-02-25,1411.69580078125,1428.0699014479126,1411.69580078125,1418.2102579713567,23664000
2021-02-26,1386.1661376953125,1404.477025409652,1379.299635398969,1399.3710737983329,37634000
2021-03-01,1395.3214111328125,1397.082069064841,1382.2924994509867,1392.8564470431593,19482000
2021-03-02,1394.9696044921875,1411.1676829820224,1380.3561615195329,1408.3506725759896,24477000
2021-03-03,1403.420654296875,1412.7522290327854,1391.8003527803041,1404.8292668727458,21733500
2021-03-04,1394.7933349609375,1408.8785994241389,1374.0175913701232,1408.5264463201509,27260000
2021-03-05,1403.0687255859375,1403.0687255859375,1370.8485908126743,1392.6807980141555,33935000
2021-03-08,1401.6600341796875,1434.4083431428642,1394.7935312647062,1424.1965464622388,34496000
2021-03-09,1441.80322265625,1441.80322265625,1412.0480523830543,1424.1966384619475,40585000
2021-03-10,1431.0631103515625,1446.0287065876278,1427.0136175683333,1443.739872185112,28637000
2021-03-11,1424.548583984375,1440.0424629552901,1419.0905862528396,1435.6408172162924,29117500
2021-03-12,1434.05615234375,1434.05615234375,1411.6957709559858,1420.851215397675,32525000
2021-03-15,1468.388916015625,1468.388916015625,1445.500359770777,1445.6763826032266,32264000
2021-03-16,1455.888427734375,1467.1565766594833,1446.909005702149,1467.1565766594833,28501000
2021-03-17,1462.7548828125,1462.7548828125,1431.9433628012628,1445.500453098618,26795500
2021-03-18,1522.969482421875,1522.969482421875,1477.8966713604555,1479.305176556989,74761500
2021-03-19,1521.9129638671875,1533.885417920822,1515.5745299832306,1522.0889866992225,49527500
2021-03-22,1472.2625732421875,1507.1235880145991,1472.2625732421875,1505.8911056441377,43614000
2021-03-23,1462.0506591796875,1491.1015204118833,1462.0506591796875,1480.1854177291932,30356500
2021-03-24,1429.654541015625,1462.2267195978775,1428.4220587119937,1451.6627697874173,37637000
2021-03-25,1436.1690673828125,1451.6628396918416,1431.767421416494,1448.669698942333,31401000
2021-03-26,1471.7342529296875,1474.7272859418713,1449.902047959802,1457.2968339955407,28822500
2021-03-29,1490.3970947265625,1498.6722093615758,1475.6075235719838,1494.7987400151821,46138500
2021-03-30,1496.12255859375,1506.67872718643,1471.9684635851804,1505.24739524887,36770500
2021-03-31,1541.56787109375,1547.4722923920658,1510.257009315006,1514.3722385116791,54920000
2021-04-01,1507.0364990234375,1555.7025464696528,1503.2792392574029,1555.5236709393162,32919500
2021-04-02,1514.0146484375,1537.8108857952325,1508.6470711746895,1522.6027502172692,21686500
2021-04-05,1513.8355712890625,1521.5291855924875,1506.678802042068,1519.9188688304607,20385000
2021-04-06,1496.8382568359375,1533.337823982075,1492.365276019187,1533.337823982075,27262000
2021-04-07,1518.487548828125,1529.4015783346335,1503.8161499150563,1516.1616206451877,29696000
2021-04-08,1506.1419677734375,1520.455505332137,1501.1322514686176,1520.455505332137,22586000
2021-04-09,1506.1419677734375,1525.1074705608894,1503.63716422284,1508.2890202479673,30089500
2021-04-12,1509.1837158203125,1523.3183787726373,1509.1837158203125,1511.5096439861852,19728000
2021-04-13,1522.0657958984375,1531.7273680627707,1511.509518448397,1512.2252389955136,23458000
2021-04-14,1518.1297607421875,1523.3184624155724,1505.7842894247615,1514.9092362430968,22063500
2021-04-15,1532.26416015625,1537.9894875209577,1524.5705467531377,1529.759247531476,21805500
2021-04-16,1526.180908203125,1534.7690087063336,1519.0241395831806,1534.2322729005623,16660000
2021-04-19,1524.7498779296875,1529.043874428873,1517.7719834634997,1525.8233497535728,15545000
2021-04-20,1506.1419677734375,1518.4874375992658,1501.4901117483103,1518.4874375992658,27998500
2021-04-21,1469.2847900390625,1487.5345739786974,1465.3485450005319,1485.02966098955,39924000
2021-04-22,1497.196044921875,1505.6052702924576,1484.6716992391096,1496.8381846330706,22731500
2021-04-23,1480.9144287109375,1484.3138284213978,1471.96846757242,1483.2403567662266,18558000
2021-04-26,1478.7674560546875,1492.7231343436965,1476.6204034247708,1491.4706778759423,17808500
2021-04-27,1462.1278076171875,1477.1569557520424,1460.6964757762898,1472.1472397070909,21835000
2021-04-28,1484.8507080078125,1488.2501077973832,1464.2749969103872,1467.1376608598814,26628000
2021-04-30,1454.076416015625,1490.7548534225225,1451.034767658232,1490.7548534225225,34068000
2021-05-06,1496.301513671875,1505.0685997113476,1480.735518664869,1493.9755854992495,37632000
2021-05-07,1496.48046875,1497.5539404380374,1482.1669304901382,1494.154431419868,16326000
2021-05-10,1521.8868408203125,1525.8230854989213,1502.0268510924402,1503.8160432914783,22024000
2021-05-11,1492.3653564453125,1521.3502955406304,1485.208586752821,1515.6248579459095,27511500
2021-05-12,1524.9285888671875,1532.8010787379105,1464.2750348856732,1492.1863913298137,62621500
2021-05-13,1501.4901123046875,1527.0755388596187,1498.4484637316118,1520.8133661753673,36050500
2021-05-14,1516.8770751953125,1523.675983489923,1492.365121024565,1511.6884835089406,29576500
2021-05-17,1547.2935791015625,1552.3032960242926,1529.5806397100907,1535.1270925167496,33781500
2021-05-18,1577.8885498046875,1586.8345102657559,1556.4182446981235,1556.5971202258972,45978500
2021-05-19,1556.41845703125,1574.1313956384672,1553.018947910821,1565.5432942649406,33108500
2021-05-20,1550.3349609375,1557.4917293665249,1542.8203322463,1553.0187490983844,18772500
2021-05-21,1564.2906494140625,1569.6582257765976,1551.7663045681475,1557.1338809306826,25783500
2021-05-24,1580.751220703125,1601.148054329129,1569.3003475791193,1571.6263846725342,29395000
2021-05-25,1588.26611328125,1591.6655133147021,1577.7098344533501,1589.160709480101,21782000
2021-05-26,1593.45458984375,1609.9151805464026,1581.8248401043452,1584.329752960438,31566500
2021-05-27,1606.6947021484375,1610.273086785739,1590.59197128058,1592.5600391496428,61763500
2021-05-28,1634.4271240234375,1642.47848916641,1623.1552346640015,1633.5325278964406,39897000
2021-05-31,1630.848876953125,1650.8878537273413,1628.1650883459613,1634.4272617626766,37511500
2021-06-01,1685.955810546875,1685.955810546875,1633.532500233343,1633.532500233343,45532500
2021-06-02,1722.63427734375,1724.4234695946686,1686.8504323253771,1705.8159357072918,57631500
2021-06-03,1751.6192626953125,1781.498795963017,1733.906215233795,1737.3057242871791,61649500
2021-06-04,1780.0672607421875,1783.108799943774,1753.766115079177,1772.9104923551706,49867000
2021-06-07,1774.3419189453125,1784.0034912615613,1765.038097704624,1780.782967156145,31870000
2021-06-08,1763.427978515625,1771.1215931669353,1750.724756209256,1760.2074540495803,26894500
2021-06-09,1772.373779296875,1780.2462687900609,1755.913298144331,1759.8494336872966,22140500
2021-06-10,1765.2171630859375,1774.5209853272227,1756.986921797668,1758.7761141823905,20786500
2021-06-11,1764.322265625,1771.8368941983947,1749.829853464867,1761.6384775061888,32905500
2021-06-14,1771.3004150390625,1781.6777087611908,1768.2587662230162,1776.6679920543324,15667000
2021-06-15,1802.611328125,1805.2951167028536,1768.4377972484524,1774.1631255182972,36932500
2021-06-16,1820.503173828125,1848.235654608799,1807.9788276691108,1813.3464045944027,31059500
2021-06-17,1830.34375,1835.7113269794722,1807.9788459188662,1815.135615224829,21280500
2021-06-18,1759.3125,1812.4515250937175,1759.3125,1812.4515250937175,61132000
2021-06-21,1724.42333984375,1746.788241297429,1710.4676631773782,1716.7298355844084,47090500
2021-06-22,1782.0355224609375,1786.508503190006,1760.9230752604597,1773.9841571486138,38258000
2021-06-23,1750.18798828125,1768.6166477473491,1747.1463394287168,1762.3544744877481,32535000
2021-06-24,1757.702392578125,1771.4790846192432,1755.376355445719,1771.3002090876523,22403500
2021-06-25,1762.175537109375,1772.1949702917627,1756.4500999178827,1769.69005739435,20322000
2021-06-28,1760.9229736328125,1767.3640218294886,1754.6608009735235,1762.7121658211809,16448500
2021-06-29,1742.67333984375,1752.1560374087437,1733.9062536928566,1750.9035809295256,21674000
2021-06-30,1737.3057861328125,1750.7247288681328,1737.3057861328125,1748.7566609484068,20215500
2021-07-01,1733.727294921875,1742.4943806519511,1723.8867375203577,1740.5262036494703,21939000
2021-07-02,1756.98681640625,1764.143585515848,1742.4944026407668,1744.82033076066,22461000
2021-07-05,1748.3988037109375,1754.3031166841395,1742.4944907377353,1742.4944907377353,15841500
2021-07-06,1752.3350830078125,1757.3447998949937,1743.7468721113444,1753.0506944467595,13521000
2021-07-07,1741.599609375,1744.641148539411,1730.327611940327,1740.7050133375571,22735500
2021-07-08,1731.04345703125,1747.6829226844686,1731.04345703125,1735.6953130792895,25416500
2021-07-09,1726.5704345703125,1731.7591355162735,1694.7228359598957,1712.435772823469,43443500
2021-07-12,1756.0921630859375,1762.1754603124643,1746.072730340204,1758.7759514146476,22882000
2021-07-13,1765.0380859375,1768.4375947616577,1757.7024416794225,1765.9326820276863,16499500
2021-07-14,1765.75390625,1790.981473737072,1751.6192435450484,1753.408435826504,28623500
2021-07-15,1759.1339111328125,1774.6999061599113,1753.9452097225687,1767.7220124293947,18423000
2021-07-16,1765.2171630859375,1776.6680380296173,1753.945272902912,1756.2712011623241,18315000
2021-07-19,1742.67333984375,1755.9134068463984,1738.5582193008622,1750.724705376909,20903000
2021-07-20,1719.7716064453125,1733.5484085622088,1716.908833333282,1731.938091861465,31507000
2021-07-21,1739.9893798828125,1758.0601770618428,1733.0114867601878,1736.2321200190136,20714500
2021-07-26,1758.5972900390625,1774.1631768783188,1749.8302034161554,1769.5113202234947,19701000
2021-07-27,1766.1114501953125,1774.6996595018886,1763.427662087912,1771.1212753586879,19424500
2021-07-28,1754.1243896484375,1765.7541410241877,1750.7248801802218,1751.619476439895,22825000
2021-07-29,1763.427978515625,1777.3837665412148,1755.1977371908843,1769.1534160128365,21100000
2021-07-30,1754.302978515625,1770.584584099337,1754.302978515625,1756.092170742566,26432000
2021-08-02,1794.5596923828125,1795.45428844083,1764.5012866741536,1768.9742669642403,25838500
2021-08-03,1799.0325927734375,1812.4515330477298,1788.6553008020414,1793.6650166637207,17516500
2021-08-04,1783.8245849609375,1815.1354477862296,1757.881298619981,1804.400294817558,43509500
2021-08-05,1780.9620361328125,1794.559853755992,1775.057614256055,1789.013401378976,20804500
2021-08-06,1760.2073974609375,1777.920445260186,1751.2614357852838,1774.8787964497367,32304000
2021-08-10,1767.0062255859375,1782.2143597381985,1764.5014219536247,1777.2046432699442,22127500
2021-08-11,1784.361328125,1792.770553159186,1769.868915238995,1771.3002471333275,18138500
2021-08-12,1782.0355224609375,1796.349060793957,1777.204681432817,1791.8760800648884,15295000
2021-08-13,1782.9300537109375,1791.876014843456,1781.1408614844338,1783.108929252137,16832000
2021-08-16,1755.7342529296875,1771.479122170161,1751.7980083186633,1771.3002466347787,25924000
2021-08-17,1744.999267578125,1764.5015077680023,1744.999267578125,1763.4279268416883,20982000
2021-08-18,1739.9893798828125,1750.903408404227,1738.736923527005,1744.4623602938223,19215500
2021-08-19,1663.0543212890625,1733.548544915422,1658.7602158850755,1731.9382280880177,49063500
2021-08-20,1595.064697265625,1670.7474984135008,1585.9398615796513,1651.4242462996879,101544500
2021-08-23,1649.9930419921875,1659.1178783831438,1618.8610545342954,1627.6281398539386,48603500
2021-08-24,1658.9390869140625,1666.453716254042,1652.4979292496675,1661.9807355997245,30714000
2021-08-25,1696.8699951171875,1710.2889371624933,1675.578563390517,1676.4731595268706,30993000
2021-08-26,1700.9849853515625,1712.4357494985484,1688.1027801330345,1708.6784896948043,23644500
2021-08-27,1692.5758056640625,1697.4066464004459,1682.019528099507,1683.4509692092684,18366500
2021-08-30,1705.8157958984375,1711.0043874786668,1700.0903593240296,1703.668743532582,23974500
2021-08-31,1716.1932373046875,1721.0240782464898,1691.860157051161,1700.806118349451,28880000
2021-09-01,1726.9281005859375,1739.2734595802879,1721.3815399911332,1735.695075662457,20667000
2021-09-02,1726.5704345703125,1729.2542228105774,1716.1931418820136,1725.6758384902244,16989000
2021-09-03,1745.535888671875,1753.945113958747,1723.8867064600547,1724.781302571347,34369000
2021-09-06,1782.3934326171875,1782.3934326171875,1753.945230703104,1765.9328412330522,29997000
2021-09-07,1790.0867919921875,1808.873310049077,1784.1824795864613,1790.0867919921875,27051000
2021-09-08,1785.0771484375,1794.5598456214939,1769.1532935635944,1771.3003461268984,28210000
2021-09-09,1770.9423828125,1783.2878524306107,1765.932666591971,1773.2683107859289,25646500
2021-09-10,1781.8565673828125,1784.3613709571143,1761.4597324871884,1761.996468309994,32121000
2021-09-13,1752.513916015625,1752.513916015625,1728.538694718439,1739.4528336328563,43968500
2021-09-14,1779.530517578125,1779.530517578125,1758.7759317496102,1762.3543161478801,30225000
2021-09-15,1767.0062255859375,1772.731662636926,1763.9646861183883,1767.7219461686718,21345500
2021-09-16,1778.45703125,1788.297588263959,1770.5845419573832,1772.5527188823498,26673500
2021-09-17,1792.7706298828125,1792.7706298828125,1777.0257599640881,1782.7511969900684,38861500
2021-09-21,1776.4892578125,1782.0357108213502,1759.3129444751687,1764.143786013907,29438500
2021-09-22,1756.98681640625,1769.5111623480461,1754.4819035364387,1769.5111623480461,23934000
2021-09-24,1807.084228515625,1807.084228515625,1784.3614643955436,1786.5085170028233,34908000
2021-09-27,1848.235595703125,1851.8139802059384,1816.0301351778044,1816.9247313035078,26810000
2021-09-28,1858.0760498046875,1871.494990944346,1833.9219557533027,1864.3382223365281,189085000
2021-09-29,1876.17724609375,1882.9651521939445,1846.7629863262407,1857.1711090132055,34887300
2021-09-30,1810.1082763671875,1889.7530405273437,1810.1082763671875,1889.7530405273437,33149100
2021-10-01,1780.2415771484375,1813.7285819041529,1778.883995874557,1792.0072815220672,27672500
2021-10-04,1748.564697265625,1800.6053132556733,1742.6818450232715,1799.700259064542,22442600
2021-10-05,1721.4129638671875,1745.8494254993714,1683.4006902171234,1719.6028555981368,29108900
2021-10-06,1665.2996826171875,1717.3402976989746,1645.388490759808,1710.5523913839588,35192500
2021-10-07,1691.54638671875,1697.8817664442884,1665.7523406933435,1676.1604645281566,18340800
2021-10-08,1740.4190673828125,1763.4979473715082,1733.6311615037844,1737.7039050312012,22700900
2021-10-11,1798.3426513671875,1799.247705545027,1745.8495090524934,1746.754563230333,18449100
2021-10-12,1812.3709716796875,1822.326567529114,1795.1749424852235,1804.6780112505853,18513900
2021-10-13,1788.3870849609375,1827.3044152510793,1788.3870849609375,1826.3993610582852,19436600
2021-10-14,1796.98486328125,1797.4373903180874,1756.2574299658856,1778.4312547709173,13517700
2021-10-15,1804.2254638671875,1809.655788814869,1787.029434866196,1809.2032617358955,18602800
2021-10-18,1846.310546875,1866.2217390471812,1832.7347340303309,1833.6397882199753,24313600
2021-10-19,1837.260009765625,1844.5004433016472,1819.1589259255695,1844.0479162056458,14539000
2021-10-20,1838.617431640625,1858.076095081567,1833.639634016198,1851.2881892300757,15372800
2021-10-21,1795.175048828125,1838.6176514718104,1795.175048828125,1832.7347990304781,17327500
2021-10-22,1795.175048828125,1809.6559163760203,1777.9790186149996,1785.671979499819,15610500
2021-10-25,1761.6878662109375,1780.694002964305,1744.9443647853518,1754.899960227592,16310200
2021-10-26,1792.0072021484375,1803.3203789296776,1778.4313900109494,1786.5768772934423,15149500
2021-10-27,1813.728759765625,1813.728759765625,1795.6276743388225,1808.7509612732545,14028900
2021-10-28,1810.1082763671875,1821.873980163574,1786.576868774414,1798.7950996398924,17683000
2021-10-29,1815.9912109375,1817.3487922065785,1790.1971668250062,1804.2255066054852,18052200
2021-11-01,1855.3609619140625,1855.3609619140625,1830.0194463366997,1835.4497711032775,24547300
2021-11-02,1853.55078125,1863.5063762664795,1837.7123346328735,1853.0982542037964,17669100
2021-11-04,1867.1268310546875,1900.613836749803,1834.997406671536,1873.4622105105202,38783500
2021-11-05,1841.7850341796875,1892.4680621472858,1826.851642010663,1891.5630080764358,20210400
2021-11-08,1835.4498291015625,1860.7913454796906,1835.4498291015625,1847.6680602124457,14062700
2021-11-09,1805.5830078125,1854.0034042626096,1805.5830078125,1850.383187705592,16797300
2021-11-10,1815.0863037109375,1823.6843191112137,1808.750923942313,1812.3711409529556,12819100
2021-11-11,1837.260009765625,1846.3105516856526,1817.3488175415641,1826.3993594615918,15549700
2021-11-12,1881.155029296875,1887.0378812047074,1847.2154990593804,1850.8357156180464,26162900
2021-11-15,1902.4237060546875,1916.4520445151288,1890.2054757826902,1895.1832733009112,21902800
2021-11-16,1938.1734619140625,1950.3916929371026,1911.474364493346,1911.474364493346,23534300
2021-11-17,1925.9549560546875,1980.258197296831,1925.9549560546875,1977.5430352347237,26692900
2021-11-18,1922.78759765625,1942.6987895359568,1905.1390412174187,1925.9552872734762,18309000
2021-11-19,1930.028076171875,1939.0786181468898,1902.4239231480803,1909.6643567280921,20093600
2021-11-22,1905.138916015625,1930.9329583464778,1901.5186995481367,1930.480431288042,18371200
2021-11-24,1922.78759765625,1954.011966740336,1917.8097996863232,1927.7653956261768,21946800
2021-11-25,1911.4742431640625,1943.1511363983154,1911.4742431640625,1931.3854331970215,14283000
2021-11-26,1877.5347900390625,1909.2116845444214,1868.9367758161793,1900.6136703215384,22432100
2021-11-29,1820.968994140625,1847.2155651297294,1814.6336149363585,1838.1650234093486,27978900
2021-11-30,1811.0133056640625,1865.7690802730958,1809.203197412524,1856.7185390154043,42639000
2021-12-01,1851.2882080078125,1877.0822505051103,1816.4436242833926,1816.896151344749,25290500
2021-12-02,1851.2882080078125,1856.2660056827297,1814.6335160379683,1837.2598691057733,24357000
2021-12-03,1881.607421875,1884.322584099928,1846.762839988426,1857.6234888881374,19023700
2021-12-06,1869.841796875,1916.4520836799675,1864.863999255052,1915.5470295672496,19515300
2021-12-07,1905.138916015625,1913.7369301259093,1858.0761019382794,1868.9367513407437,28638400
2021-12-08,1871.652099609375,1898.8037258126058,1871.652099609375,1888.848129538088,24065300
2021-12-09,1861.243896484375,1893.3733194482434,1855.8135714763973,1882.965196516286,19139300
2021-12-10,1857.1710205078125,1873.0094673201354,1848.57300652398,1861.2437639738384,18235100
2021-12-13,1811.91845703125,1841.7852447845125,1811.91845703125,1839.0700822614886,28905200
2021-12-14,1850.835693359375,1859.8862346471958,1827.3042860110406,1829.1143942686049,22353800
2021-12-15,1917.3572998046875,1929.5755313587886,1882.9652406153657,1885.2278760883473,35698900
2021-12-16,1936.36328125,1957.1795259187309,1930.0279024377774,1943.1511871202383,30403400
2021-12-17,1902.8763427734375,1959.4422269224697,1900.6137074074763,1933.1956566773188,38176700
2021-12-20,1856.2662353515625,1896.541148795319,1856.2662353515625,1875.7249013974224,18811300
2021-12-21,1873.9146728515625,1893.825864738901,1870.7469832331224,1893.3733376505525,23334300
2021-12-22,1861.243896484375,1880.2500340122972,1842.2377589564528,1875.7247631723158,19962800
2021-12-23,1897.446044921875,1897.446044921875,1859.8862973119262,1859.8862973119262,19290700
2021-12-24,1897.446044921875,1911.4743843906513,1889.75308456803,1901.5187886386166,10236700
2021-12-27,1907.854248046875,1915.0946816258006,1894.2784350863897,1896.9935976784868,11932500
2021-12-28,1930.4805908203125,1934.5533346828026,1914.6421424661844,1927.765428245319,17152500
2021-12-29,1910.1168212890625,1926.8603233946524,1906.4966046175834,1920.5249442195643,14440600
2021-12-30,1905.591552734375,1915.0946215084007,1892.4682672845302,1904.2339714809427,14009600
2022-01-04,2022.3431396484375,2025.058301617086,1949.9388204844745,1953.106509447898,43072600
2022-01-05,2074.38427734375,2118.7319342328615,2044.5174880102668,2108.776337788367,53536300
2022-01-06,2067.595947265625,2106.0607438332718,2060.8080419889816,2067.595947265625,37579600
2022-01-07,2088.41259765625,2103.345992179036,2058.9983357174297,2087.960070549499,30903500
2022-01-11,2101.535400390625,2106.9657244226423,2066.238294182514,2090.674752326591,29710800
2022-01-12,2135.475341796875,2137.737977251205,2089.317578528538,2130.950070888214,33915900
2022-01-13,2182.99072265625,2192.4937917225398,2119.6369288809856,2126.877362455302,39518400
2022-01-14,2163.079345703125,2192.94613164798,2149.503533910009,2181.1804280939464,38594600
2022-01-17,2192.9462890625,2210.1423185681488,2152.671377851901,2173.0350970033273,23591300
2022-01-18,2193.398681640625,2240.008969284319,2172.5824366735383,2211.0472371561987,41189300
2022-01-19,2084.339599609375,2151.31360324424,2084.339599609375,2102.893208724439,48185300
2022-01-20,2120.08935546875,2135.9278031616864,2068.953795774413,2079.814445620998,32283600
2022-01-21,2067.595947265625,2076.646487634483,2018.7230292737916,2070.3111093762823,36518000
2022-01-24,2062.165771484375,2070.311258402681,2008.3150524133546,2022.3433909948808,27763700
2022-01-25,2024.15380859375,2044.9700561223244,2012.8406305890903,2029.5841340359868,31059200
2022-01-26,2010.577880859375,2047.6851026082988,1999.2647034968982,2038.6345607183175,26042500
2022-01-27,1957.6322021484375,2036.3719162431735,1953.5594583159511,2024.6062118382129,37600100
2022-01-28,2024.606201171875,2039.5395951456505,1983.4262359714637,1991.1191965034086,31409300
2022-01-31,2032.2991943359375,2041.8022633809285,1983.4262678188409,2013.2930562459555,25588900
2022-02-01,2015.5557861328125,2058.0933352788575,2007.4102979984634,2046.3276301959088,24070100
2022-02-02,2057.640625,2070.3113831922146,2024.6061482845832,2031.8465815372772,26879700
2022-02-03,2075.74169921875,2093.390255196411,2024.606139591168,2026.416247896569,22026900
2022-02-04,2061.260498046875,2081.171686172904,2046.7796339552176,2071.6686191127537,20162500
2022-02-07,2059.45068359375,2059.45068359375,2037.2768572926966,2045.4223445053285,19062800
2022-02-08,2078.004150390625,2095.200177767551,2048.1373659991223,2051.757582289001,20722700
2022-02-09,2097.462890625,2149.9560287722493,2083.434551982201,2117.8266080097087,42075100
2022-02-10,2039.9920654296875,2099.7256396614353,2011.03033246884,2082.529610715932,42419700
2022-02-14,1974.8280029296875,1988.403814132229,1954.91681316596,1967.5875702883322,39268700
2022-02-15,1949.033935546875,1981.1633549626697,1941.3409759684453,1978.9007197925434,31404200
2022-02-16,1984.33154296875,1989.309341594213,1966.2304570579745,1977.5436357522092,22686900
2022-02-17,1955.369384765625,1971.6603585799185,1943.6036814553017,1968.9451962775363,26975700
2022-02-18,1976.6380615234375,1984.3310210119673,1936.815682994577,1938.1732640807882,20267400
2022-02-21,1966.6827392578125,1970.302955989074,1930.4805719451974,1944.0563846874281,15200700
2022-02-22,1921.8824462890625,1947.2239619453344,1910.569269656798,1944.0562724883005,21140000
2022-02-24,1892.46826171875,1922.3350492064203,1882.965192972673,1908.7592367120246,29577000
2022-02-25,1904.23388671875,1912.8319009411018,1881.1550064377006,1887.0378582740466,26344300
2022-02-28,1935.45849609375,1935.911023214651,1888.8482026409429,1906.9492874769846,26767700
2022-03-01,1930.4805908203125,1949.4867288452665,1917.80983213701,1918.2623592328423,23177000
2022-03-02,1844.9530029296875,1884.3228609760165,1840.8802589938605,1882.5127525600933,42180900
2022-03-03,1852.6458740234375,1895.635946820757,1851.7408198592834,1877.9873906197522,26276600
2022-03-04,1786.576904296875,1834.9973016524386,1778.431416891266,1834.09224749626,48833000
2022-03-07,1669.8248291015625,1709.647209849784,1652.6288010511942,1696.9764523389863,67968000
2022-03-08,1639.0528564453125,1679.3277609797224,1633.6225322384257,1668.9196395831896,44177700
2022-03-09,1670.2774658203125,1705.1220512627845,1656.7016533102585,1674.3502095733288,36677400
2022-03-10,1760.7828369140625,1761.2353639860014,1724.1281440870157,1757.6151474104906,36656200
2022-03-11,1683.853271484375,1715.0776401305513,1668.9198777840297,1710.5523693122648,44804200
2022-03-14,1732.2735595703125,1745.849371165691,1702.8593011136588,1704.2168822731967,26346200
2022-03-15,1769.3809814453125,1788.3871198649297,1725.9383793433303,1730.916177500849,26940000
2022-03-16,1801.9630126953125,1810.1085009495857,1780.6942378091549,1781.1467649343922,32882200
2022-03-17,1842.6903076171875,1868.9368787964106,1819.1588989737459,1850.8357952245326,35580400
2022-03-18,1828.2093505859375,1832.7346212557045,1806.488051371055,1810.5607949738455,43985400
2022-03-22,1859.88623046875,1867.5791905461147,1842.2376749971488,1842.6902020605232,30788700
2022-03-23,1934.10107421875,1935.9111828516175,1892.0160485045844,1896.088792928536,33324100
2022-03-24,1991.1190185546875,1998.8119783991035,1937.2682996437768,1944.0562053888495,40085700
2022-03-25,1981.16357421875,2006.0525638446138,1973.0180867048311,2000.1697117512279,25328700
2022-03-28,1992.92919921875,2006.505011202529,1975.2806436398375,2001.9797405412694,23368400
2022-03-29,2046.3275146484375,2046.3275146484375,2009.6728201136027,2010.5778742996479,43733900
2022-03-30,2033.03955078125,2059.615231183619,2006.0056689926328,2030.7485438500112,36673400
2022-03-31,2036.7052001953125,2072.9031103900097,2007.8385123185285,2016.5443388210506,38235600
2022-04-01,2020.6680908203125,2050.9093819754466,1992.7178065708706,2036.7051391601562,27719800
2022-04-04,2026.1663818359375,2028.4573885996597,2008.7547304316486,2009.6711331371375,16276100
2022-04-05,2032.122802734375,2049.076251145011,2018.3767634825078,2044.4942380610555,21878700
2022-04-06,2006.9219970703125,2017.4606285617776,1994.0923587328768,2008.7548025470892,28164400
2022-04-07,1987.21923828125,1992.2594530889726,1953.7705400118168,1984.9282315504668,31288300
2022-04-08,1920.322021484375,1984.4702159505675,1900.1611603664287,1957.4363339969577,50893400
2022-04-11,1925.8204345703125,1937.7336706633005,1902.4521637725286,1912.532594312749,27797800
2022-04-12,1896.4954833984375,1935.9008014878955,1892.8298724133717,1929.027780890897,26536900
2022-04-13,1942.3154296875,1945.9810403120575,1899.7027061770168,1932.2350004699663,26016500
2022-04-14,1953.3125,1953.3125,1911.1579726718273,1920.7802017358667,18466300
2022-04-15,1979.4300537109375,1982.1792621188695,1924.4458855523003,1924.4458855523003,19517900
2022-04-18,1974.847900390625,1984.0119277706278,1949.646825095617,1966.1420743796223,15320900
2022-04-19,1995.0087890625,2003.7146151975915,1978.5135395433797,1993.1759835603757,21166100
2022-04-20,2069.696044921875,2079.3182758148037,2033.498128705619,2034.4145316478027,42430500
2022-04-21,2061.906494140625,2072.445127332899,2049.535055175781,2050.9096595052083,21538600
2022-04-22,2025.25,2041.287047511312,2016.0859728506787,2034.414027149321,18873300
2022-04-25,2006.9219970703125,2015.6278230850012,1965.6838738428403,1969.8076861655877,22515800
2022-04-26,1997.7579345703125,2015.1695862936317,1982.6372896526932,2003.2563509039924,23096200
2022-04-27,1984.4703369140625,1992.7179624195933,1964.7676759841838,1966.6004816520795,34299400
2022-04-28,2048.618408203125,2055.0332276428126,1972.5569777039707,1979.8881999207567,33413000
2022-05-02,2041.7457275390625,2087.107672562933,2032.1234967764233,2077.4854418002938,26634900
2022-05-06,2085.732666015625,2085.732666015625,2055.0331737873635,2065.571805447811,30141000
2022-05-09,2057.32421875,2091.68932262667,2056.866017364978,2079.317885231069,22370500
2022-05-10,1996.38330078125,2019.7515698516754,1974.8478371281128,2006.9219319306576,28054600
2022-05-11,1907.9505615234375,2025.250115738135,1879.0838743534143,2021.1263032852744,64821200
2022-05-12,1878.6256103515625,1937.73358687238,1843.3441049864234,1878.6256103515625,44104700
2022-05-13,1883.207763671875,1912.07445202013,1858.9230893471524,1872.2109300153968,31138400
2022-05-16,1878.16748046875,1930.8606398378415,1875.8764735396592,1929.0278342945687,26352900
2022-05-17,1863.0467529296875,1875.8763911692427,1847.9261078616403,1856.1737324442115,18350600
2022-05-18,1873.1270751953125,1882.2911019819824,1856.1736256399734,1864.8794510873097,21893000
2022-05-19,1837.3875732421875,1841.969587140547,1806.2298787333425,1815.3939065300615,34715900
2022-05-20,1876.7928466796875,1880.9166590869427,1839.678535014391,1841.9695419073105,23675300
2022-05-23,1889.164306640625,1892.3717163293188,1867.628841587967,1880.916681726841,20585700
2022-05-24,1878.6256103515625,1904.2848869807547,1878.6256103515625,1891.913450034537,18717900
2022-05-25,1872.669189453125,1894.2046560311276,1866.7125710379328,1869.4617795372521,18929300
2022-05-26,1907.9505615234375,1929.9442279386933,1888.2479020264375,1892.3717144792981,23739700
2022-05-27,1909.783447265625,1940.0247398566833,1905.2014332366766,1940.0247398566833,19511600
2022-05-30,1948.730224609375,1956.5196470919425,1918.947138646617,1926.2783598066806,40586500
2022-05-31,1945.0648193359375,1955.1452494950402,1931.3187782098885,1932.6933823224933,27505000
2022-06-01,2013.795166015625,2023.4173954778157,1956.9781920484038,1961.1020046750568,35206500
2022-06-02,2009.67138671875,2018.8354149299616,1998.6745528652957,2006.9221782553864,15657500
2022-06-03,1984.0118408203125,2014.2531298489823,1973.0150084462507,2014.2531298489823,19812000
2022-06-06,1982.17919921875,1983.5538033790958,1955.6035187853965,1960.1855326532161,15252500
2022-06-07,2007.380126953125,2024.7917783624423,1999.132502601343,2013.336744540523,23853700
2022-06-08,2043.578369140625,2043.578369140625,2007.838657752067,2015.169880601002,25246600
2022-06-09,2051.826171875,2077.4854540601273,2048.618761601859,2060.9902012268312,27281400
2022-06-10,2019.29345703125,2045.4109353727026,2012.4204364150783,2026.1664776474217,28515100
2022-06-13,1953.3125,1978.5135761201032,1950.1050903119867,1970.2659512080693,25274900
2022-06-14,1919.8638916015625,1944.148566125401,1903.826842387707,1908.8670578549188,26804400
2022-06-15,1906.117919921875,1931.777199613131,1906.117919921875,1913.4491426908053,22726900
2022-06-16,1961.101806640625,1991.8012975389713,1952.854182220174,1962.934612067392,24439500
2022-06-17,1890.538818359375,1912.5324837208025,1871.2943611681258,1874.959972061697,45125700
2022-06-20,1914.82373046875,1938.1920028434583,1897.4120765424966,1915.281931887862,20577400
2022-06-21,1959.7274169921875,1964.7676324672666,1930.860728362188,1942.3157635328225,23768100
2022-06-22,1975.76416015625,2005.5472469860636,1969.349341454444,1986.7609922164888,22961800
2022-06-23,1948.730224609375,1978.513310572133,1939.1079968367917,1968.4328814770456,20869300
2022-06-24,1934.984375,1938.64998594009,1912.99070935946,1919.8637298721287,21561600
2022-06-27,1944.1484375,1964.7674994107942,1932.6934031051142,1958.3526801496582,17615400
2022-06-28,1986.3031005859375,1986.3031005859375,1955.1454048904718,1959.7274189633345,26045200
2022-06-29,1950.1051025390625,1986.7612134890448,1947.8140956046886,1984.0120051677964,36393000
2022-06-30,1924.4459228515625,1953.3126116943358,1918.4893045189267,1950.5634032331193,30076600
2022-07-01,1894.2044677734375,1928.1113692285016,1884.1240376111214,1919.8637445502427,30994400
2022-07-04,1936.3590087890625,1936.3590087890625,1912.9907386877273,1918.947356556695,21443400
2022-07-05,1939.566650390625,1957.4365061348335,1935.442837526577,1950.1052832654145,20328900
2022-07-06,1885.9569091796875,1922.613020145279,1872.6690689546606,1914.3653951780211,32025100
2022-07-07,1929.02783203125,1931.7770403429336,1892.3717212088036,1912.0743807758686,27506300
2022-07-08,1934.526123046875,1967.5166206450215,1931.7769149136961,1943.2319488019414,35446600
2022-07-11,1972.098876953125,1978.0554953082344,1955.6036261235915,1961.1020430667693,28062000
2022-07-12,1939.566650390625,1973.0153547323484,1934.0682332385609,1972.0989518736712,24129000
2022-07-13,1956.0616455078125,1966.142075632238,1945.981215383387,1946.439416752679,16445800
2022-07-14,1956.5196533203125,1964.7672771516393,1923.0709566710425,1925.820164614818,18559500
2022-07-15,1982.17919921875,1982.6374006055319,1949.188699370449,1955.1453173986145,28589600
2022-07-19,1995.0087890625,1996.8415945646245,1982.1791505476288,1988.5939698050645,21538900
2022-07-20,2010.58740234375,2020.209630112487,1997.757765318767,2016.0858182115996,27281400
2022-07-21,2010.1295166015625,2021.5845514579653,1993.1760650140864,2007.8385096302818,24208700
2022-07-22,2018.376953125,2020.2097585307888,2006.9219193388196,2015.6277450163168,20867700
2022-07-25,1984.9283447265625,2014.7114339249065,1982.1791364928692,1995.0087749167712,16534400
2022-07-26,1984.9283447265625,2000.0489900118755,1979.4299282591758,1995.4669762890535,12369100
2022-07-27,1987.677734375,1992.259748516021,1962.9348580134854,1973.9316919519363,15783800
2022-07-28,1947.35595703125,1992.7178957950366,1946.4395542279412,1984.012069163603,27939100
2022-07-29,1958.3529052734375,1982.179379553788,1949.1888767040718,1974.8481566982957,24818400
2022-08-01,2027.082763671875,2031.2065758041188,1970.723997864542,1972.0986019086233,32568100
2022-08-02,1974.3897705078125,2014.2532910541527,1972.098763579862,1995.925235630548,18343800
2022-08-03,1975.76416015625,1981.7207775222125,1963.3927240884811,1969.349341454444,16651900
2022-08-04,1916.656494140625,2004.6311646821025,1898.3284377778173,2001.423754818611,50239900
2022-08-05,1945.52294921875,1951.9377681751942,1900.6192165236398,1906.1176327720207,27813600
2022-08-08,1939.1082763671875,1939.1082763671875,1908.4087833339643,1924.4458319334092,22816600
2022-08-09,1902.4521484375,1936.3590508903842,1896.037329054522,1930.4024328919045,25062000
2022-08-10,1913.4490966796875,1923.529527744571,1903.8268670268444,1907.4924783231656,15038200
2022-08-12,1956.5196533203125,1956.5196533203125,1923.9873593189677,1933.6095871221823,31314700
2022-08-15,1954.2288818359375,1955.6034859732194,1941.8574446003993,1946.8976597704334,12869100
2022-08-16,1943.6903076171875,1951.93793268487,1929.4860644450675,1951.479731292221,12497100
2022-08-17,2000.50732421875,2000.50732421875,1956.9781909615854,1957.4363923642923,31472900
2022-08-18,1964.3095703125,1978.9720163703494,1958.8111530408066,1976.2228077345026,18478000
2022-08-19,1970.265869140625,1977.1388896143715,1965.2256541265444,1968.8912650458758,13295300
2022-08-22,1970.265869140625,1971.6404732353744,1948.2722036246366,1952.3960159088845,15320100
2022-08-23,1931.3187255859375,1949.6467799212726,1922.6128997766534,1944.6065649790555,25655800
2022-08-24,1924.4459228515625,1938.6501665678477,1917.572901698521,1918.031103108724,18087200
2022-08-25,1932.693359375,1935.4425675675677,1920.780123873874,1920.780123873874,10713100
2022-08-26,1931.7772216796875,1943.6904588152834,1929.944415966519,1937.7338402474854,12989800
2022-08-29,1915.2818603515625,1918.4892701655485,1886.8733734276877,1887.7897762316836,20923300
2022-08-30,1929.02783203125,1936.81725558102,1919.4056029403578,1924.4458181784441,16897300
2022-08-31,1925.8204345703125,1930.4024484522308,1913.4489970891327,1915.2818026419002,22276200
2022-09-01,1880.916748046875,1901.535811058351,1874.0437270430498,1899.703005457331,36248100
2022-09-02,1877.7093505859375,1884.124170231668,1869.9199267304077,1878.6257533924704,22090800
2022-09-05,1866.7125244140625,1874.0437468958064,1857.5484963118824,1870.3781356549346,17282500
2022-09-06,1877.2510986328125,1882.2913139330226,1858.9230429956847,1867.170668032392,13434900
2022-09-07,1864.42138671875,1875.4182196706424,1851.1335469018802,1872.2108100596738,20916100
2022-09-08,1906.5758056640625,1906.5758056640625,1871.7525032775043,1871.7525032775043,26507900
2022-09-09,1904.7430419921875,1914.823471851179,1896.0372162048766,1896.9536189193302,26218700
2022-09-12,1896.953857421875,1912.5327055263058,1892.371843273513,1911.6163026966335,15232900
2022-09-13,1894.2044677734375,1898.328280112567,1871.2943992227188,1888.706051321265,18368100
2022-09-14,1867.6290283203125,1881.833272647577,1860.2978054417244,1869.4618340399595,26178500
2022-09-15,1869.461669921875,1875.4182879878026,1863.9632532456342,1867.628864363128,15098100
2022-09-16,1860.7557373046875,1869.4615632118011,1850.6753073069767,1851.1335086705092,28115400
2022-09-20,1877.2510986328125,1896.0373556608683,1866.712466641464,1872.2108833326024,21038800
2022-09-21,1832.805419921875,1852.0498768310547,1832.805419921875,1851.1334741210937,31783100
2022-09-22,1858.46484375,1858.46484375,1822.7251352163462,1823.6415379992604,26440900
2022-09-26,1798.8985595703125,1822.725030557999,1798.8985595703125,1815.393808715634,35307900
2022-09-27,1819.9759521484375,1836.4712024700245,1809.8955213963566,1816.7685423636844,23245500
2022-09-28,1790.1927490234375,1809.8954078941842,1766.8244791999937,1808.520803786923,32375000
2022-09-29,1818.0411376953125,1828.252244417114,1796.6906418224546,1815.2562904075485,29667900
2022-09-30,1741.4578857421875,1796.2265505922883,1736.8164734667553,1789.26443217914,41993800
2022-10-03,1802.260498046875,1807.8301931219619,1743.7786997584624,1745.1711235272342,32688200
2022-10-04,1860.278076171875,1860.278076171875,1829.1806133216965,1839.3917205262326,39192400
2022-10-05,1857.4932861328125,1880.2362074272924,1847.282178612842,1878.843783674569,25516900
2022-10-06,1856.56494140625,1867.7043310546874,1853.315952758789,1856.56494140625,26603000
2022-10-07,1843.1048583984375,1857.9573780329754,1822.682643900948,1825.4674913324238,27846100
2022-10-11,1825.467529296875,1844.4973204743912,1818.5054105733932,1836.1427780062133,25261700
2022-10-12,1847.2821044921875,1856.1007879055926,1823.1467604133952,1826.859890271671,25409100
2022-10-13,1841.248291015625,1857.957375582442,1837.999302349855,1847.746268347165,23730300
2022-10-14,1863.9913330078125,1875.1307234441142,1845.8898235488223,1861.206485398737,31734600
2022-10-17,1856.56494140625,1857.9573651123046,1844.4972692871092,1847.2821166992187,22166100
2022-10-18,1863.5272216796875,1883.9494378076843,1850.9954072375078,1883.4852965320479,21403400
2022-10-19,1859.81396484375,1874.2023434088,1859.81396484375,1865.3836597721565,15797500
2022-10-20,1860.278076171875,1863.9912060644335,1854.2442400964671,1855.6366638061768,21090700
2022-10-21,1844.96142578125,1858.4215217177673,1836.6068834758255,1856.5649567610062,24809100
2022-10-24,1853.31591796875,1869.0967196744693,1849.1386469290007,1861.2063188216098,20173100
2022-10-25,1871.41748046875,1875.5947516305107,1856.1008195422944,1859.8139494638594,18457200
2022-10-26,1875.130615234375,1885.805863786452,1872.3457677860072,1873.2740502687966,16753300
2022-10-27,1855.6368408203125,1876.0590571775147,1849.1388628884756,1871.4176443690596,23218700
2022-10-28,1884.41357421875,1894.6246822563885,1860.742369222406,1863.0630755945967,90671700
2022-10-31,1911.7978515625,1911.7978515625,1893.2322011467438,1899.2660375318646,22869200
2022-11-01,1874.6663818359375,1923.4012097866118,1862.5987101529133,1906.692125917809,38181300
2022-11-02,1870.025146484375,1872.345852796716,1849.6029309357743,1854.7084848229244,24179300
2022-11-04,1842.6407470703125,1858.8856906842825,1832.429639655817,1855.6367019614884,32176900
2022-11-07,1850.0670166015625,1859.3498415719669,1845.4256041163605,1856.5649940808455,18017000
2022-11-08,1859.349853515625,1864.4554072821431,1844.497333467572,1847.7463222280835,18424300
2022-11-09,1845.8897705078125,1857.9574431337123,1842.1766404690743,1848.6746180368664,19748500
2022-11-10,1818.0411376953125,1826.859820773232,1813.8638667636662,1820.8259849830765,23246900
2022-11-11,1857.4932861328125,1860.7422748891668,1846.3538961110266,1849.602884867381,30008700
2022-11-14,1843.569091796875,1859.8140359592342,1843.1049505350932,1855.1726233414172,21130800
2022-11-15,1854.7083740234375,1859.3497863708435,1842.1765606854412,1842.640701920182,17879100
2022-11-16,1852.851806640625,1857.4932189819092,1839.391710850901,1856.5649365136524,22615800
2022-11-17,1850.5311279296875,1863.5270826781277,1849.602845447656,1850.995269170703,14840200
2022-11-18,1850.0670166015625,1867.7043840453307,1848.674592856002,1861.2064065660477,15711600
2022-11-21,1859.349853515625,1862.1347010246348,1850.5311697370935,1855.6367235036116,14421500
2022-11-22,1902.97900390625,1911.7976870950838,1875.1305306783536,1875.1305306783536,32248300
2022-11-24,1899.7301025390625,1912.7260573084477,1895.088690121425,1912.261916066684,21006500
2022-11-25,1907.1563720703125,1909.941219535005,1897.4094059438883,1902.9791008732734,11659400
2022-11-28,1887.1982421875,1921.5446932258362,1884.877536036261,1915.9749984628627,13933100
2022-11-29,1861.6705322265625,1887.1983006814269,1861.6705322265625,1876.523052054847,22107200
2022-11-30,1866.31201171875,1875.1306956835988,1854.2443389247467,1865.8478704574422,29110200
2022-12-01,1855.1724853515625,1879.7719703962543,1855.1724853515625,1878.8436879417377,22681700
2022-12-02,1829.6448974609375,1845.4257007368562,1811.543387820913,1845.4257007368562,29660900
2022-12-05,1811.0791015625,1835.214445817049,1805.5094067345271,1835.214445817049,21789000
2022-12-06,1804.116943359375,1812.007344192179,1789.7285653701442,1805.5093670357523,28364200
2022-12-07,1809.686767578125,1818.969592751647,1793.4418235244614,1797.1549535938702,21057000
2022-12-08,1799.4755859375,1804.5811395731234,1786.0154899890379,1797.6190209790914,27286300
2022-12-09,1813.864013671875,1824.075121220693,1811.54330741078,1812.9357311674369,23880900
2022-12-12,1822.218505859375,1831.5013306472476,1811.5432573533217,1813.399822310896,16003300
2022-12-13,1827.3240966796875,1846.3538878820923,1825.467531684331,1841.712475393701,15591800
2022-12-14,1836.1427001953125,1838.9275475666907,1812.4714975385984,1818.0411922813546,14946400
2022-12-15,1836.60693359375,1842.1766286160205,1829.6448148159116,1833.3579448307587,11987000
2022-12-16,1801.7962646484375,1818.9694902517326,1796.690711090701,1801.332123415916,26790400
2022-12-19,1773.0196533203125,1792.5135866814257,1773.0196533203125,1782.3024787303664,21852800
2022-12-20,1712.6812744140625,1772.555497828538,1708.5040030130526,1768.378226427528,54192000
2022-12-21,1678.334716796875,1708.50389727027,1662.553914703099,1705.2549086039044,49302700
2022-12-22,1708.9681396484375,1721.0358125519842,1697.8287492759328,1698.7570318069747,28230900
2022-12-23,1687.61767578125,1690.402523431054,1675.5500026320992,1678.7989915568705,19066400
2022-12-26,1692.259033203125,1707.5756947762745,1690.4024681639553,1690.4024681639553,11812100
2022-12-27,1687.1534423828125,1712.217069862502,1683.4403123858212,1708.039798615887,16716500
2022-12-28,1688.5457763671875,1688.5457763671875,1677.4063869683935,1681.5836579929412,17027000
2022-12-29,1686.6893310546875,1686.6893310546875,1671.3726695453852,1679.2630709289651,17662900
2022-12-30,1682.5120849609375,1700.6135942887931,1681.5838024313039,1686.6893563442889,21250600
2023-01-04,1669.9801025390625,1674.621514719549,1659.3048545239433,1669.0518201029652,25995600
2023-01-05,1677.87060546875,1689.0099953805757,1664.87465057162,1682.0478766856845,24700200
2023-01-06,1694.1156005859375,1697.8287306694135,1676.4782326894265,1679.7272215124678,22568600
2023-01-10,1695.9720458984375,1717.32254237116,1690.8664923940908,1705.719011679463,22352300
2023-01-11,1705.71923828125,1708.0399447278912,1691.3308583120747,1693.1874234693878,19798400
2023-01-12,1724.28466796875,1734.0316337903769,1706.1831600143003,1707.1114424735028,21573200
2023-01-13,1685.296875,1706.6473724524924,1681.119603759295,1697.364547473148,27779100
2023-01-16,1687.1534423828125,1690.4024311301796,1665.33880365049,1670.9084986459766,20486400
2023-01-17,1729.3902587890625,1736.3523773832214,1694.5796658182683,1695.0438070578787,27345800
2023-01-18,1772.555419921875,1778.5892561248036,1713.6094816317263,1727.5337190231,31290700
2023-01-19,1730.7825927734375,1736.816428575544,1714.537650229305,1717.3224975225849,21969700
2023-01-20,1747.9560546875,1747.9560546875,1718.2510128659387,1718.2510128659387,16703500
2023-01-23,1753.5257568359375,1767.449995243846,1748.4202027530378,1763.736865001737,14661600
2023-01-24,1774.4119873046875,1775.804411045706,1763.2725973765387,1775.804411045706,16261100
2023-01-25,1768.378173828125,1772.091303851911,1762.3443375394725,1763.7367612983924,18486100
2023-01-26,1757.2386474609375,1770.6987427531633,1753.5255177251508,1762.8083420646171,22613200
2023-01-27,1764.2008056640625,1766.0573705739957,1750.7407100670466,1766.0573705739957,21336000
2023-01-30,1765.59326171875,1773.0195214946439,1760.487708122823,1764.20083801077,17617700
2023-01-31,1760.48779296875,1776.268595753073,1759.0953691936627,1773.019606944536,18849600
2023-02-01,1766.5216064453125,1781.3741265205226,1766.0574651929621,1773.9478664829176,19250900
2023-02-02,1745.6351318359375,1772.555322648616,1740.993719626855,1771.1628989858914,19168200
2023-02-03,1755.8463134765625,1759.5594434019688,1747.491771144398,1751.6690423104803,16015500
2023-02-06,1776.2686767578125,1795.7626104980343,1771.1631226829927,1772.0914052420508,30031400
2023-02-07,1760.9517822265625,1785.5512667964117,1760.4876410082634,1782.3022782683183,20138300
2023-02-08,1761.4161376953125,1767.9141155418827,1759.5595725962924,1765.5934091681077,13623900
2023-02-09,1764.6649169921875,1785.0871306554322,1747.9558330858963,1763.736634552949,34568700
2023-02-10,1744.2427978515625,1755.3821877260802,1734.9599729561312,1750.276634033593,34846600
2023-02-13,1741.922119140625,1745.1711079053425,1723.8206103086281,1735.8882828632927,21137100
2023-02-14,1747.4918212890625,1760.4877764009068,1743.7786912571069,1758.631211384929,18133700
2023-02-15,1739.601318359375,1757.2386849809482,1734.4957648636564,1754.453837619647,21936500
2023-02-16,1775.804443359375,1777.6610083811831,1749.3483917986107,1753.0615218422267,29791200
2023-02-17,1770.6988525390625,1773.483700013567,1755.3821914292882,1757.2387564122912,21230800
2023-02-20,1766.0574951171875,1779.5175916634157,1763.7367888161136,1778.5893091429862,12704000
2023-02-21,1754.4539794921875,1765.1292285737538,1753.9898382277715,1763.736804780506,16937100
2023-02-22,1731.2467041015625,1744.2426579125126,1719.1790327056804,1743.3143754974446,29022300
2023-02-24,1724.748779296875,1731.710897620194,1721.0356495244382,1722.8922144106566,19154000
2023-02-27,1723.820556640625,1727.9978277794958,1717.322579313493,1723.820556640625,16540600
2023-02-28,1728.9261474609375,1734.9599836802643,1722.4281699939702,1724.2847349845322,19162000
2023-03-01,1729.8544921875,1736.352469888231,1725.2130795441205,1732.1751985091896,18027000
2023-03-02,1729.8544921875,1746.5635777036657,1726.6055033371345,1726.6055033371345,20227600
2023-03-03,1749.3482666015625,1750.7406902682658,1727.5336291565443,1732.1750413788886,27371700
2023-03-06,1768.84228515625,1777.6609688135495,1754.453906557498,1757.238754028224,28716300
2023-03-07,1777.19677734375,1777.19677734375,1757.238704367573,1763.7366816156307,20837300
2023-03-08,1770.6988525390625,1778.1251124710743,1766.521581327306,1767.4498638188074,18703000
2023-03-09,1781.8382568359375,1792.9776468239716,1777.6609855904248,1779.9816918379317,23844600
2023-03-10,1760.023681640625,1773.4837783620326,1752.1332801142823,1761.8802467056466,33371500
2023-03-13,1730.318603515625,1746.0994062300915,1720.5716371331603,1742.3862761796288,24327500
2023-03-14,1679.2630615234375,1680.1913440339536,1653.7352924842476,1677.8706377576634,45615100
2023-03-15,1682.0478515625,1701.0776423776388,1674.621591732202,1694.1155237867342,23906800
2023-03-16,1661.6256103515625,1664.4104577432133,1638.4185487544737,1643.0599610738914,30331500
2023-03-17,1657.9127197265625,1669.0521109005372,1648.6298937482504,1661.6258501178875,36599800
2023-03-20,1640.2750244140625,1650.4861309610658,1637.4901771739708,1640.2750244140625,25693500
2023-03-22,1671.8369140625,1675.085903068174,1658.8409580398043,1673.6934792085995,24870000
2023-03-23,1658.8408203125,1664.4105152883674,1650.486277848699,1654.6635490805995,19861700
2023-03-24,1656.0560302734375,1658.840877857978,1644.9166399352753,1650.4863351043564,16224800
2023-03-27,1661.6256103515625,1667.6594463668057,1653.2710681766105,1666.2670226709804,16892900
2023-03-28,1676.0140380859375,1682.9761567708695,1667.6594956640192,1676.4781793315997,21034500
2023-03-29,1719.17919921875,1719.17919921875,1680.1913340096855,1682.5120402721298,36692000
2023-03-30,1742.833251953125,1750.4025603220855,1730.0600440805044,1736.6831889033447,24709600
2023-03-31,1778.7874755859375,1794.8722559502783,1755.6064685902695,1762.7026952215965,37152100
2023-04-03,1794.872314453125,1795.3453962439667,1774.5297974469352,1795.3453962439667,25267000
2023-04-04,1796.7645263671875,1796.7645263671875,1775.9489289053245,1785.8836458757592,21339500
2023-04-05,1752.7679443359375,1779.733605018029,1750.8756172705278,1775.4758691208567,25396900
2023-04-06,1728.1676025390625,1744.7254634996063,1723.909866863494,1741.8869730492274,24567200
2023-04-07,1721.544677734375,1738.1025408068408,1721.544677734375,1734.7909681923477,14815100
2023-04-10,1729.1138916015625,1734.7908729146181,1722.4907467363307,1731.0062187059145,15091200
2023-04-11,1727.6947021484375,1742.8333194728489,1724.8562114001104,1740.4679105159096,26170100
2023-04-12,1725.3292236328125,1736.6831861683725,1718.2329970480873,1735.7370226237424,25890400
2023-04-13,1714.9215087890625,1716.3407541756467,1702.148300309806,1713.5022634024785,19854200
2023-04-14,1710.6636962890625,1730.5331308145437,1708.7713691913975,1729.5869672657113,27911300
2023-04-17,1735.2637939453125,1742.3600199292764,1724.3829141032345,1724.8559958354988,18967700
2023-04-18,1734.7908935546875,1746.6179380976018,1729.1139121740885,1744.7256109707355,23312400
2023-04-19,1724.856201171875,1737.1563276750205,1718.7061379203021,1734.3178369435254,16859000
2023-04-20,1715.8675537109375,1720.1252895762252,1699.3096920125965,1712.5559813712694,21975500
2023-04-21,1704.9866943359375,1711.1367573288253,1687.9557506633255,1693.6327318875296,21559900
2023-04-24,1701.2020263671875,1719.1791334311345,1701.2020263671875,1717.2868063717715,14674600
2023-04-25,1703.094482421875,1709.7176276312935,1698.3636644151477,1705.9329732259116,20492700
2023-04-26,1706.406005859375,1710.1906601557087,1694.578961183333,1696.9443701185412,17228200
2023-04-27,1726.7484130859375,1728.167658356967,1702.1481617214256,1707.3520610485339,21175700
2023-04-28,1757.02587890625,1757.02587890625,1734.7910333735106,1739.9949333918114,29984600
2023-05-01,1773.110595703125,1778.3144955304288,1764.5951232584462,1769.79902308575,18668200
2023-05-02,1764.1220703125,1776.4221973782346,1753.2411886774269,1775.9491155680141,17441500
2023-05-08,1756.0794677734375,1761.2833670583263,1748.5101597226899,1759.8641217988113,17294400
2023-05-09,1813.322509765625,1816.6340823115054,1755.1334493165846,1760.810430823808,39880100
2023-05-10,1827.514892578125,1857.7921261077652,1792.033759535578,1816.6340117784107,55815000
2023-05-11,1812.849365234375,1853.534397961451,1799.6030755092804,1845.018925995319,34669900
2023-05-12,1837.4495849609375,1844.072729705905,1810.4839242135706,1840.7611573334211,28097200
2023-05-15,1828.9342041015625,1837.4496763400075,1822.3110590272165,1835.0842673848838,16791400
2023-05-16,1819.945556640625,1835.084173176237,1815.687820739984,1828.9341102086446,18728200
2023-05-17,1824.203369140625,1831.2995959396678,1817.580224128185,1821.3648784210077,16295600
2023-05-18,1850.222900390625,1852.5883093658113,1837.4496919246196,1840.288182694843,28317600
2023-05-19,1854.007568359375,1867.2538587176457,1845.492095986201,1857.7922227474523,23600700
2023-05-22,1845.018798828125,1845.018798828125,1830.353264786158,1840.2879813952325,25566800
2023-05-23,1757.02587890625,1872.4578429485562,1757.02587890625,1863.9423701913367,39793700
2023-05-24,1851.1689453125,1854.0074359007635,1820.4186306063123,1844.545800606552,35899300
2023-05-25,1834.1380615234375,1854.4805780685774,1832.7188161830788,1848.3305149270234,26877800
2023-05-26,1832.71875,1850.6958569953538,1827.0417688435725,1836.0303223412493,20230300
2023-05-29,1824.676513671875,1854.4806672527222,1818.5264502345574,1853.5345036469812,28467700
2023-05-30,1835.557373046875,1839.3420274242912,1807.6455470134304,1817.580264754148,18882600
2023-05-31,1805.753173828125,1830.3534266547067,1790.6145567040746,1825.622608803441,53396000
2023-06-01,1838.395751953125,1866.7806580563642,1831.299525427315,1841.2342425634488,36193300
2023-06-02,1901.315673828125,1901.788755608127,1853.5344140479208,1854.953659387927,46785900
2023-06-05,1919.2928466796875,1947.6777544442382,1912.19661973855,1939.6353639109489,33729200
2023-06-06,1939.63525390625,1939.63525390625,1903.2079576743522,1915.9811654439786,22611500
2023-06-07,1913.142822265625,1966.6010663101392,1912.1966586542176,1947.204712276289,41062900
2023-06-08,1915.034912109375,1941.5274899448802,1908.8848493975613,1928.7542827741902,28562300
2023-06-09,1941.0545654296875,1946.731546854293,1920.7120486581846,1944.366137927374,37276500
2023-06-12,1957.6124267578125,1961.870162823743,1943.8930549898141,1954.3008542620887,19714600
2023-06-13,2056.486572265625,2065.4751264117135,1986.470466285567,1986.9435480827296,70125200
2023-06-14,2185.637939453125,2223.48448385924,2114.67566869166,2138.3297589454814,99612100
2023-06-15,2195.572509765625,2231.053642761191,2179.487729474302,2219.6996802026097,57885900
2023-06-16,2191.31494140625,2223.4845044493472,2152.522233030751,2223.4845044493472,59050900
2023-06-19,2131.70654296875,2197.937993482648,2119.4064164447404,2195.5725845357233,41460800
2023-06-20,2123.19091796875,2141.168024671694,2102.3753207337622,2128.8678990328376,36130900
2023-06-21,2099.063720703125,2108.5253556848834,2086.763595226839,2102.3752929467405,38394900
2023-06-22,2119.879638671875,2136.437502397275,2111.3641658988126,2125.083538699858,29584300
2023-06-23,2081.086669921875,2133.598745475712,2054.5940912640835,2130.7602549052344,30642900
2023-06-26,2101.429443359375,2107.106425196456,2073.0445341739714,2085.3446614876466,22817900
2023-06-27,2116.56787109375,2135.9642239580426,2101.4292542240587,2126.975670191663,26165400
2023-06-28,2176.17626953125,2176.17626953125,2149.2106070609716,2153.468343240489,35651600
2023-06-29,2171.91845703125,2186.583992245358,2155.8336764738415,2178.0685201855536,27070800
2023-06-30,2184.218505859375,2198.4109587889357,2162.4567447007153,2195.0993864387046,37428700
2023-07-03,2200.303466796875,2204.0881212226705,2179.4878674549996,2183.7456036840194,25421400
2023-07-04,2212.13037109375,2218.2804341442675,2199.357163219599,2206.926471589466,26554700
2023-07-05,2214.968994140625,2215.442075942022,2197.464967488937,2210.238176126655,20643100
2023-07-06,2201.72265625,2231.0537273044692,2192.2610204259777,2223.4844186452515,28608700
2023-07-07,2175.702880859375,2198.8838856782727,2168.6066548944063,2198.410803947275,26236300
2023-07-10,2138.32958984375,2166.7144959036227,2133.5987721671045,2147.791225197041,28824200
2023-07-11,2091.9677734375,2136.9105455941176,2085.344628067051,2134.545136533243,29078400
2023-07-12,2079.667724609375,2110.891125388315,2071.152251669664,2091.0216885289897,20500400
2023-07-13,2092.440673828125,2104.267718107054,2062.6365222452237,2074.463566524153,19826600
2023-07-14,2098.5908203125,2110.8909468517527,2078.721385133707,2100.010065682414,21578800
2023-07-18,2119.40625,2126.5024762834823,2092.913671875,2094.8059988839286,18107200
2023-07-19,2167.66064453125,2167.66064453125,2143.0603927818775,2144.4796380751104,22597800
2023-07-20,2163.8759765625,2186.583901108849,2152.522014289326,2168.1337124149404,21073000
2023-07-21,2164.34912109375,2177.1223290215166,2154.414403816598,2165.768366419057,20284200
2023-07-24,2198.884033203125,2207.399504932397,2183.272335032793,2192.2608885248023,23557600
2023-07-25,2218.280517578125,2218.280517578125,2187.057119378049,2191.7879372871516,23265300
2023-07-26,2196.99169921875,2200.7763533087045,2181.3800010976865,2193.207045128795,19436200
2023-07-27,2195.572509765625,2203.6148999112866,2179.487729474302,2190.3686102596084,18487400
2023-07-28,2185.637939453125,2201.7227208257236,2141.641331581017,2165.295421834838,37405600
2023-07-31,2257.546142578125,2257.546142578125,2222.0650108318214,2223.484256101674,44133500
2023-08-01,2313.843017578125,2331.347043677162,2258.492448562251,2268.900247864381,68906000
2023-08-02,2367.7744140625,2411.7710215565685,2288.2966714925697,2307.2199435330294,78801100
2023-08-03,2277.888671875,2343.647036442108,2271.738609001817,2342.700872923157,44187800
2023-08-04,2306.273681640625,2324.2507893129005,2272.211793419471,2277.4156930088143,30038200
2023-08-07,2312.423828125,2324.723954870346,2293.5005562090837,2300.5967831775524,19853700
2023-08-08,2293.027587890625,2342.701179128198,2290.1890969627634,2330.8741335954423,22190700
2023-08-09,2266.534912109375,2296.3390656186407,2255.6540306694847,2292.5544112047655,19106300
2023-08-10,2298.2314453125,2301.54301800027,2266.061882059875,2276.942763748263,19458600
2023-08-14,2278.36181640625,2327.089238974739,2273.630998681154,2308.165968074355,17152200
2023-08-15,2288.769775390625,2306.7468840026227,2284.5120391404153,2302.016065946834,12578800
2023-08-16,2242.880859375,2282.6197313824878,2240.5154503269355,2270.7926861421643,22466200
2023-08-17,2249.03076171875,2250.9230888215843,2206.9264836806833,2233.419063120366,18693200
2023-08-18,2222.5380859375,2240.5151926351637,2208.818715036651,2222.0650041822983,20054000
2023-08-21,2229.634521484375,2248.084711668523,2221.592130891285,2223.0113762900655,14606100
2023-08-22,2286.404296875,2289.7158694134077,2254.7078168645253,2257.5463076117317,18256500
2023-08-23,2280.727294921875,2281.2003767088327,2260.857859869662,2264.169432378364,15164600
2023-08-24,2270.79248046875,2282.619524637858,2265.115499267578,2281.673361104329,16406900
2023-08-25,2266.061767578125,2272.684912619063,2249.0308231871413,2251.869313918972,15384300
2023-08-28,2305.327392578125,2315.2621094351207,2289.7156946599885,2291.1349399252736,18256100
2023-08-29,2300.5966796875,2319.0468689755553,2286.404226388996,2314.789132986004,17541400
2023-08-30,2324.250732421875,2330.8738771916505,2308.6390340359762,2317.6275876521,19036300
2023-08-31,2379.601318359375,2388.1167902739808,2330.4008139638727,2332.2931410560077,39487900
2023-09-01,2383.859130859375,2389.063030529836,2349.3241603190427,2351.216487471938,23445600
2023-09-04,2457.659912109375,2459.5522392794305,2402.309342385256,2403.255505970284,33250800
2023-09-05,2449.617431640625,2469.0137844210935,2425.963342883956,2460.0252306935595,28061100
2023-09-06,2508.27978515625,2520.5799123561865,2465.229339956473,2466.648585402619,31630100
2023-09-07,2495.033203125,2527.6758445765786,2491.2485490436575,2513.956473531712,26184700
2023-09-08,2462.86376953125,2503.0757212043495,2458.132951687356,2470.4330780814807,30458600
2023-09-11,2455.29443359375,2477.0561954329237,2446.778961569725,2469.959968746237,16439600
2023-09-12,2513.95654296875,2516.7950336081576,2478.002328202919,2482.7331459352654,21560000
2023-09-13,2561.73779296875,2568.8340195420706,2508.279552783068,2513.9565340417244,29244700
2023-09-14,2600.057373046875,2608.5728447926617,2548.9645425721546,2569.307058409312,31358600
2023-09-15,2669.600341796875,2688.996693739755,2630.807637911115,2637.903864231681,49241800
2023-09-19,2724.951171875,2730.1550716824004,2647.3657565646704,2655.408147176107,40156000
2023-09-20,2648.31201171875,2754.7554205498895,2646.419684450641,2743.8745387582617,42976800
2023-09-21,2635.53857421875,2682.3736700449317,2625.6038569222874,2648.311782171345,25747000
2023-09-22,2638.376953125,2659.665632144298,2587.757205234669,2601.4765761582166,28714900
2023-09-25,2612.83056640625,2638.850063265266,2592.9611324411835,2635.0654091766814,21522300
2023-09-26,2570.25341796875,2617.5615979424065,2561.7379455734917,2616.142352543197,26603400
2023-09-27,2600.057373046875,2603.3689453924585,2532.879762607891,2554.6415237360125,31403100
2023-09-28,2588.578125,2627.3207022588695,2561.793133314856,2601.9706208425723,32137100
2023-09-29,2561.31494140625,2609.1452857835843,2559.4017276311565,2600.0575203518906,33276200
2023-10-02,2570.40283203125,2627.320944612515,2567.054707761764,2583.317025642125,28738800
2023-10-03,2491.960693359375,2570.402450309651,2480.481411854457,2563.7062027651154,31775900
2023-10-04,2369.993408203125,2451.7832917152814,2363.7754638425517,2444.1304371176525,46063800
2023-10-05,2477.611572265625,2477.611572265625,2396.778298961978,2418.301951616795,41463500
2023-10-06,2460.392822265625,2491.0042415162084,2425.954975608719,2453.2182708787695,28521800
2023-10-10,2510.61474609375,2525.9204561099436,2482.3948432513935,2487.1778776314536,27455800
2023-10-11,2535.96484375,2564.6630502051116,2525.4421680497926,2535.0082368681633,23177900
2023-10-12,2621.102783203125,2621.102783203125,2557.0101239058226,2561.7931581817406,32321600
2023-10-13,2570.880859375,2607.710222383721,2560.836487645349,2590.4912994186047,24757200
2023-10-16,2544.57421875,2549.3572529957705,2516.354316699953,2535.0081502584585,19258100
2023-10-17,2564.662841796875,2601.0139003527424,2537.877851282025,2587.6214050953176,22766500
2023-10-18,2553.18359375,2579.968584617366,2545.530739216467,2558.92323465015,18891100
2023-10-19,2530.22509765625,2551.27044818496,2509.1797471275404,2511.0929608119686,18842300
2023-10-20,2503.440185546875,2527.355357361423,2463.2626968984346,2487.6561721492735,23366400
2023-10-23,2496.743896484375,2516.832640479077,2473.307028490556,2487.177827915469,17852100
2023-10-24,2484.786376953125,2533.573327953937,2433.607908746391,2530.225203865646,26740000
2023-10-25,2525.442138671875,2548.4007035688924,2500.0920565980855,2516.8326768354937,18828500
2023-10-26,2481.91650390625,2513.962833789025,2459.436242645199,2503.918461736215,22969100
2023-10-27,2524.007080078125,2529.2684175579166,2481.9163802397934,2482.3946836470473,20775500
2023-10-30,2462.30615234375,2482.3948971763916,2449.391959237052,2480.4816833828068,28552500
2023-10-31,2477.611572265625,2480.4813926196007,2416.388738047478,2477.611572265625,32184100
2023-11-01,2594.31787109375,2632.5821464786136,2562.2715404589267,2586.1867125744666,66935200
2023-11-02,2640.23486328125,2722.98135446742,2627.3206710152003,2689.978418676404,62211400
2023-11-06,2722.5029296875,2742.1133689210187,2700.9792768702237,2716.763288936226,48988800
2023-11-07,2709.110595703125,2730.15594637596,2696.1964032447945,2726.329518980899,27050700
2023-11-08,2637.364990234375,2754.5493251287207,2637.364990234375,2737.3304024503677,32626900
2023-11-09,2695.23974609375,2696.6746563401175,2632.5819986690326,2673.7160923982365,23116200
2023-11-10,2681.368896484375,2692.848178238857,2649.80087165955,2650.2791750659867,23638200
2023-11-13,2694.761474609375,2722.02476961341,2685.6737096080296,2710.0671840853247,19390400
2023-11-14,2720.111328125,2742.1132836540573,2714.3716875522023,2721.5462382681994,25175900
2023-11-15,2735.895751953125,2772.725117844802,2735.895751953125,2755.50619353181,29788400
2023-11-16,2754.071044921875,2771.768271157045,2733.9823016278983,2735.8955152749436,21411300
2023-11-17,2766.985107421875,2766.985107421875,2711.0236108672752,2716.763251539542,24794700
2023-11-20,2659.366943359375,2774.159761058341,2648.3659649965575,2766.9852099521554,46342000
2023-11-21,2616.319580078125,2671.8027740980633,2602.4487815731404,2664.149919750486,36142900
2023-11-22,2610.101806640625,2660.3236665814834,2593.3611866603387,2609.6235032126165,31006900
2023-11-24,2681.368896484375,2691.8915714259833,2653.627298911044,2664.1499738526522,29415500
2023-11-27,2649.80078125,2681.3688049977436,2642.1479270081227,2678.4989846570397,22122900
2023-11-28,2635.451904296875,2658.888772411312,2617.2763739224138,2649.8010072240813,22163500
2023-11-29,2680.890869140625,2687.5871175202806,2624.929364824933,2649.8011445207962,36001000
2023-11-30,2673.23779296875,2697.6312671933706,2665.5849383100453,2688.06519886999,49146600
2023-12-01,2710.06689453125,2718.6763551916038,2681.368692330072,2696.6744001707,26774000
2023-12-04,2647.409423828125,2680.890663153865,2625.4074665569246,2680.4123597349253,30495700
2023-12-05,2634.016845703125,2663.671656749719,2624.4507776235782,2649.8008580343767,24512600
2023-12-06,2704.327392578125,2706.7189095506915,2638.3215241352914,2650.279108998124,27896600
2023-12-07,2673.23779296875,2689.9784125346664,2655.5405665704957,2678.499130546609,26610300
2023-12-08,2564.1845703125,2602.92714636087,2541.704310136285,2593.361078200779,55312000
2023-12-11,2588.099853515625,2598.144225521507,2573.7507506500788,2583.795122655961,31081400
2023-12-12,2565.14111328125,2616.7978800599885,2565.14111328125,2608.6667223262984,25316700
2023-12-13,2557.488525390625,2565.6196839714444,2529.7469255266533,2556.531918498764,20383300
2023-12-14,2459.914794921875,2509.65835678691,2441.2609592224867,2492.4394315259365,43459500
2023-12-15,2487.65625,2510.1365122091906,2479.5250913285904,2503.4402638915594,32057100
2023-12-18,2505.83154296875,2505.83154296875,2459.9144160122696,2478.089945432543,21229700
2023-12-19,2525.92041015625,2542.182726752598,2478.0900672258153,2506.3099695547717,24989000
2023-12-20,2529.2685546875,2575.1856842733546,2519.7024860237802,2550.3139057476833,34125400
2023-12-21,2427.389892578125,2464.6975598926265,2386.7341012738607,2410.6492726293104,47672400
2023-12-22,2406.82275390625,2438.86908230683,2390.5604380014784,2410.649181177961,38330200
2023-12-25,2426.91162109375,2442.2173309626896,2405.3879665905533,2415.432338692045,19273800
2023-12-26,2430.738037109375,2434.0861611274318,2411.127596432184,2432.651250833979,17223900
2023-12-27,2470.91552734375,2471.3938307752915,2436.477680272757,2446.52205233513,26896000
2023-12-28,2445.0869140625,2461.349229218628,2428.8245989063726,2444.1303072886103,17822300
2023-12-29,2478.090087890625,2502.005259555271,2457.523040259029,2460.3928608587867,26860500
2024-01-04,2520.658935546875,2520.658935546875,2460.3927067273485,2491.9607313471006,29812900
2024-01-05,2584.2734375,2590.4913821025357,2528.7902395081437,2528.7902395081437,30515500
2024-01-09,2577.098876953125,2598.144227841384,2546.965760908573,2597.1876209828265,30486100
2024-01-10,2625.8857421875,2632.5819899817852,2563.227994969547,2567.5327256944447,33701200
2024-01-11,2720.58984375,2743.0701044138978,2704.327527525053,2704.327527525053,49003100
2024-01-12,2713.8935546875,2757.8974685104204,2698.109542120583,2755.0276480437083,34169200
2024-01-15,2725.85107421875,2731.112411614154,2707.197241635046,2730.1558048149896,4866000
2024-01-16,2730.63427734375,2744.983380219965,2707.1974093125987,2730.1559739145428,23810700
2024-01-17,2732.54736328125,2793.291895950026,2722.9812951444346,2755.0276234027656,42925400
2024-01-18,2804.293212890625,2835.382938088969,2748.331707533606,2755.0279560378644,45748100
2024-01-19,2833.46923828125,2855.4711938789774,2809.5540691532856,2855.4711938789774,38896900
2024-01-22,2852.6015625,2857.8629000565893,2828.2080883739936,2836.3392464159956,27665300
2024-01-23,2861.211181640625,2902.345277531814,2842.079044016816,2866.9508229277676,40894100
2024-01-24,2831.077880859375,2887.039379771446,2823.903329716802,2869.82045702927,28933300
2024-01-25,2835.382568359375,2835.382568359375,2835.382568359375,2835.382568359375,28781400
2024-01-26,2766.985107421875,2821.989997197764,2763.158680307031,2821.989997197764,33005600
2024-01-29,2854.036376953125,2864.080748314951,2800.944699754902,2801.9013065512663,39361500
2024-01-30,2831.077880859375,2854.036444515609,2803.814586517597,2821.990116078782,30914300
2024-01-31,2869.820556640625,2869.820556640625,2811.467538655599,2812.4241455078127,28387200
2024-02-01,2817.20703125,2831.55613327674,2803.8145360250423,2812.902300641978,29852200
2024-02-02,2823.4248046875,2837.2956024743776,2810.510613644545,2834.9040856145707,24939800
2024-02-05,2862.167724609375,2876.516827506815,2830.599698235007,2865.515848618778,29891100
2024-02-06,2998.96240234375,3011.398291093501,2823.425049606883,2869.3421772982706,80031600
2024-02-07,3118.538330078125,3218.0254424487152,3051.5758505979197,3056.3588848465056,90841000
2024-02-08,3204.633056640625,3261.0728627128033,3140.5403955078127,3185.5009189890393,65539300
2024-02-09,3178.8046875,3223.7652112172736,3152.976301534758,3214.199142341258,38909900
2024-02-13,3306.033447265625,3308.9032679663765,3204.6331158390753,3219.938826243083,50279000
2024-02-14,3238.114013671875,3313.685950770864,3215.155450502562,3303.163275984929,40613000
2024-02-15,3235.244384765625,3267.7690178472426,3205.5895722500322,3266.812410991901,31611400
2024-02-16,3265.855712890625,3303.1633792065986,3248.63678997556,3290.7274904346073,39276000
2024-02-19,3281.161376953125,3299.3369064464514,3253.4197793054163,3265.8556679061135,18623200
2024-02-20,3265.855712890625,3322.295515778893,3222.808405602963,3300.2935587207544,32113800
2024-02-21,3280.205078125,3286.9013264617965,3248.637050251531,3252.4634778725576,27204700
2024-02-22,3368.212646484375,3376.822107949402,3294.5539206169233,3300.293561593608,45277100
2024-02-26,3410.303466796875,3450.4809550452533,3369.1693716854397,3395.9543638510254,36879000
2024-02-27,3426.565673828125,3446.6544173095294,3411.2599645089595,3443.784596812186,26141000
2024-02-28,3415.08642578125,3442.8280241979605,3387.34482736454,3432.3053489364497,21824800
2024-02-29,3463.87353515625,3471.5263902463494,3386.3883773689936,3405.520515094242,42143900
2024-03-01,3520.313232421875,3528.9226941316024,3430.3921878980555,3439.001649607783,29522200
2024-03-04,3503.09423828125,3543.2717254488666,3478.2224605108204,3533.7056570756245,33112100
2024-03-05,3567.18701171875,3579.6229010060506,3483.005607312408,3505.964172150501,31082800
2024-03-06,3605.451416015625,3608.321236723518,3529.879470707789,3567.1871399103916,31920900
2024-03-07,3501.18115234375,3645.6287900497355,3482.049014899249,3634.149507583035,44389400
2024-03-08,3453.3505859375,3505.9639605154953,3439.001483779865,3485.875217494806,39889700
2024-03-11,3346.2109375,3376.8223583118925,3293.59755797956,3348.1241513007435,34641400
2024-03-12,3324.208740234375,3324.208740234375,3250.550014191772,3291.684107955823,40384800
2024-03-13,3294.553955078125,3382.5617843078544,3257.2462883394355,3353.863579124247,32358800
2024-03-14,3295.510498046875,3312.729420823317,3266.812293419471,3300.2935321514424,21846100
2024-03-15,3336.644775390625,3356.7335197378734,3275.4219354752004,3284.031397338307,33847800
2024-03-18,3412.216796875,3420.826258936081,3351.950562447435,3362.473238299867,26489600
2024-03-19,3515.530029296875,3515.530029296875,3404.563639256484,3418.9127414168793,33925900
2024-03-21,3634.149658203125,3662.8478655592958,3612.1476992300604,3635.1062651149973,45118200
2024-03-22,3703.98193359375,3721.20085787182,3645.6289124291793,3662.8478367072494,38840700
2024-03-25,3663.80419921875,3717.374182288267,3657.1079513350605,3682.936336029292,28829300
2024-03-26,3682.936279296875,3692.502347554789,3624.5832629235997,3662.847535955256,30536000
2024-03-27,3685.80615234375,3722.157212242287,3679.109904467704,3706.8515028113243,35165500
2024-03-28,3683.87060546875,3730.3303503616826,3660.640733022284,3715.811680082641,34646300
2024-03-29,3677.09521484375,3710.004200709685,3670.3198354007636,3681.9347715887407,12094300
2024-04-01,3522.22900390625,3701.2925833848585,3499.967045376477,3679.0306248550855,38828100
2024-04-02,3516.421875,3586.1114910198185,3499.967382328654,3566.7532643476466,31273800
2024-04-03,3503.8388671875,3538.6836736015193,3481.5769075340986,3516.421713948118,30222400
2024-04-04,3549.330810546875,3619.0204255889735,3534.8121407464378,3552.2345445069623,33637800
2024-04-05,3502.87109375,3515.453941005803,3453.5076160541585,3489.320335166828,26966800
2024-04-08,3579.3359375,3581.2717600730125,3525.132905455652,3547.394865045295,23272600
2024-04-09,3654.8330078125,3654.8330078125,3596.7583307815808,3619.9882015939484,22518400
2024-04-10,3619.98828125,3639.346507352941,3602.565877757353,3629.6673943014707,17062700
2024-04-11,3659.672607421875,3673.2233655556774,3601.59792970558,3602.5658410008514,23458700
2024-04-12,3646.121826171875,3692.5815680503592,3634.506890702254,3690.645745472089,21094100
2024-04-15,3646.121826171875,3646.121826171875,3566.7531004627976,3601.597906871661,21091500
2024-04-16,3531.908203125,3632.5709746034872,3513.5178891048918,3621.923950697109,29226300
2024-04-17,3481.576904296875,3572.5605654044384,3455.44329951066,3567.721008962547,24105100
2024-04-18,3486.41650390625,3517.3896655178546,3444.796317990656,3452.5396083935575,20201900
2024-04-19,3408.983642578125,3454.4754742649993,3342.1977620165435,3436.0851593277525,35457300
2024-04-22,3404.14404296875,3494.1597938917225,3388.657462164798,3426.4060028744316,26643700
2024-04-23,3398.33642578125,3478.6730601702684,3379.946111884969,3476.7372376548706,21861900
2024-04-24,3501.903076171875,3503.838898767879,3412.8552367556745,3437.053019205729,29269700
2024-04-25,3384.785888671875,3488.352399992404,3384.785888671875,3445.764301879289,27833100
2024-04-26,3397.36865234375,3435.1171929253474,3356.7163778712606,3389.625361968038,30255300
2024-04-30,3521.261474609375,3523.1972973001994,3441.8927442855793,3462.218882539234,35459100
2024-05-01,3489.3203125,3541.5875238384187,3461.250884188627,3484.480755894591,27076000
2024-05-02,3466.09033203125,3505.7746949503453,3444.796283635638,3466.09033203125,20164900
2024-05-07,3483.512939453125,3532.8764181727997,3447.7002195976747,3532.8764181727997,25496600
2024-05-08,3464.154541015625,3556.106114470915,3342.197717274924,3433.181379430685,68295000
2024-05-09,3414.791015625,3479.6410717607355,3361.5558949165606,3479.6410717607355,40742400
2024-05-10,3315.09619140625,3426.405990533759,3277.347650832573,3391.561183850365,50941700
2024-05-13,3257.989501953125,3323.8074716895517,3243.470832158325,3307.352979255445,30544300
2024-05-14,3280.25146484375,3323.8074742618583,3241.5350120276535,3242.502923348056,31178100
2024-05-15,3298.6416015625,3346.0692536976417,3295.737867758308,3299.609512830564,23592600
2024-05-16,3244.438720703125,3297.673842910366,3212.4976473787806,3295.738020284648,29023000
2024-05-17,3325.7431640625,3327.6789866259824,3245.4065276779866,3258.9572856223626,22329600
2024-05-20,3336.39013671875,3366.395385990082,3307.352798714235,3327.678935317396,23715900
2024-05-21,3326.7109375,3367.3632096486763,3311.224357633838,3355.7482747490544,16456200
2024-05-22,3279.283447265625,3318.967810116242,3276.3797133985067,3314.128253671045,19191500
2024-05-23,3293.802001953125,3306.384848272664,3243.4706166749697,3278.3154218675386,16120400
2024-05-24,3284.123046875,3297.6738050996537,3202.818497527078,3213.4655218464486,20602300
2024-05-27,3339.2939453125,3339.2939453125,3293.8021147531704,3309.2886953691127,14620900
2024-05-28,3337.358154296875,3341.2297994874743,3306.384992772078,3329.6148639156754,14393400
2024-05-29,3281.21923828125,3341.229737624447,3281.21923828125,3324.7752458690543,19973000
2024-05-30,3223.144775390625,3250.246293021537,3200.8828144795184,3242.503002269848,23500000
2024-05-31,3291.866455078125,3291.866455078125,3240.5671542492096,3261.8612036498916,34664500
2024-06-03,3233.79150390625,3317.9997831160204,3214.4332788005554,3292.834090478618,34205700
2024-06-04,3192.171630859375,3231.8559961914657,3178.6208719654906,3194.107453558501,31397200
2024-06-05,3114.738525390625,3154.422888206354,3100.219856067797,3145.711686612657,29958300
2024-06-06,3167.9736328125,3196.0430600509853,3144.743761994443,3153.4549635512144,23424700
2024-06-07,3115.70654296875,3166.0379316715694,3091.508759938549,3161.198375065529,24229500
2024-06-10,3167.005615234375,3183.4601065115708,3119.5779639059874,3132.1608101767843,17848400
2024-06-11,3149.58349609375,3199.914885705574,3142.8081167229275,3157.3267868032613,19196400
2024-06-12,3106.02734375,3114.738545399657,3088.6049404506857,3097.316142100343,17408700
2024-06-13,3027.626708984375,3123.449932830108,3026.658797632398,3122.482021478131,26927900
2024-06-14,3016.01171875,3031.4983001043006,2956.96912733673,2959.872861340661,40221400
2024-06-17,2938.57861328125,2964.7122175495615,2913.412920282135,2957.9368386651845,28829800
2024-06-18,2954.0654296875,2986.974415470388,2943.418404875389,2969.5520112323884,19056000
2024-06-19,3007.30029296875,3013.107760544486,2970.5196649890872,2977.295043827446,17496200
2024-06-20,2985.03857421875,2994.7176876241283,2953.0974999810005,2991.813953602515,15757100
2024-06-21,2975.359375,3035.3698763825637,2975.359375,3002.460891753416,32553700
2024-06-24,3048.920654296875,3075.0542599051337,3014.075846819196,3022.787048688616,30864600
2024-06-25,3190.23583984375,3200.882864794685,3066.343185869235,3096.348438003688,44118500
2024-06-26,3170.87744140625,3210.561804989173,3146.679658733736,3208.625982375372,31440900
2024-06-27,3158.294677734375,3195.075308366893,3143.7760077478547,3194.1073970344582,58733800
2024-06-28,3184.42822265625,3207.658094189305,3166.037907692582,3193.139424481146,26051600
2024-07-01,3178.62060546875,3219.272878742102,3156.3586462952476,3218.3049674736885,23624800
2024-07-02,3226.048583984375,3230.888140816035,3162.1664338064666,3179.5888384004415,30146300
2024-07-03,3218.30517578125,3240.5671363956767,3187.332013187265,3237.6634024024906,23954600
2024-07-04,3282.187255859375,3289.9305463479845,3229.9200450612607,3243.4708034163273,23049300
2024-07-05,3212.49755859375,3289.9304614824214,3204.7542683048828,3275.4117921907955,24261800
2024-07-08,3179.588623046875,3212.497607273235,3171.8453326406725,3212.497607273235,20618800
2024-07-09,3165.06982421875,3190.2355170107035,3128.289196292049,3167.005646741208,25590500
2024-07-10,3185.396240234375,3193.139531003708,3151.519343118543,3156.358899849376,23264100
2024-07-11,3178.62060546875,3219.272878742102,3177.652694200337,3216.3691449368625,22399000
2024-07-12,3168.941650390625,3186.3640540885576,3136.0326656278635,3144.74386747683,23807400
2024-07-16,3164.10205078125,3199.9147690066725,3163.13413947786,3188.2998333659953,16490100
2024-07-17,3149.58349609375,3179.5887475931067,3142.8081167229275,3159.262609480639,16439900
2024-07-18,3040.20947265625,3082.7975709678944,3040.20947265625,3049.8885859088964,25086900
2024-07-19,3032.466064453125,3057.631757934064,3010.2041048353717,3046.016822481323,18962200
2024-07-22,2990.845947265625,3016.979552630082,2986.0063907166514,3005.3646169125454,16865200
2024-07-23,3009.236083984375,3054.7279128512987,2985.0383026721815,3029.5622202866175,21568200
2024-07-24,3000.52490234375,3072.1503354964716,2992.7816122731856,3024.722683814264,26675100
2024-07-25,2923.09228515625,2965.6803846750827,2909.5415262184397,2942.450512210265,30179600
2024-07-26,2815.654052734375,2911.4772741921624,2814.686141406519,2909.5414515364496,40132100
2024-07-29,2871.792724609375,2892.118861183961,2837.9158303183985,2863.0815232202667,28260500
2024-07-30,2900.34619140625,2926.9637519814783,2849.5308484899047,2871.7928082437325,23232000
2024-07-31,2854.370361328125,2866.9532079531728,2778.389325938414,2835.0121357511284,46261100
2024-08-01,2612.392578125,2818.5576834012595,2611.424666832623,2807.9106591851146,80069400
2024-08-02,2502.05078125,2566.9008401837523,2456.5589488636365,2493.3395793036752,69193000
2024-08-05,2160.3779296875,2382.029607957409,2112.950278005292,2371.382584110383,83087200
2024-08-06,2437.20068359375,2469.625712545454,2327.8267053387485,2450.7514419616264,68201400
2024-08-07,2420.26220703125,2509.794002332346,2294.9176936097156,2322.9871213257347,59251500
2024-08-08,2372.3505859375,2425.5857072049675,2357.347960853032,2381.0617875994494,42502700
2024-08-09,2368.962890625,2422.6819674093463,2334.6020397088864,2411.550987535112,46964700
2024-08-13,2447.84765625,2453.1711683533513,2404.2916481316724,2413.9707610468563,27855600
2024-08-14,2532.05615234375,2551.898335494762,2478.337071130035,2482.6926723095253,39296900
2024-08-15,2572.224365234375,2606.1012618602276,2546.0907592658605,2557.2217395857833,32786600
2024-08-16,2656.432373046875,2660.3040179702443,2615.7801013514954,2656.916328662296,39285800
2024-08-19,2575.1279296875,2654.012698065448,2566.4167282715302,2642.3977628441553,28364200
2024-08-20,2600.77783203125,2620.6200149700817,2577.547959322374,2618.684192244342,21607500
2024-08-21,2606.10107421875,2610.4566748998955,2559.1573779886257,2567.868579350917,18491300
2024-08-22,2579.483642578125,2587.2269330624117,2552.8660815383882,2575.6119973359814,24796000
2024-08-23,2595.938232421875,2607.5531685848364,2566.9008920144715,2589.162852993481,18906700
2024-08-26,2514.149658203125,2563.9970912724075,2493.339564785852,2551.41424408987,28414600
2024-08-27,2559.157470703125,2566.9007610834674,2516.5693736112426,2526.732442235442,19290300
2024-08-28,2658.368408203125,2667.563565631827,2610.456798443047,2612.3926210596155,44921600
2024-08-29,2633.20263671875,2665.143708952427,2633.20263671875,2648.6892171956843,24292200
2024-08-30,2670.951171875,2697.0847763832894,2617.2320959412937,2620.135829775548,52860500
2024-09-02,2691.761474609375,2730.9618844337833,2666.5957794134583,2699.9887211157325,24733100
2024-09-03,2683.050048828125,2716.9269433840354,2681.114226282073,2695.14893974095,18096800
2024-09-04,2588.19482421875,2637.0743450201885,2585.2910903097536,2591.582513779246,37121600
2024-09-05,2532.05615234375,2567.3849174662832,2503.0188111471475,2510.7621021329082,29116800
2024-09-06,2499.630859375,2518.5051291747336,2470.1095655856725,2484.1442790265005,27452800
2024-09-09,2419.7783203125,2426.553699609375,2370.414842578125,2417.84249765625,32686400
2024-09-10,2419.29443359375,2455.591109432824,2411.0671870702267,2436.2328823186513,22733800
2024-09-11,2344.281005859375,2398.9679905129897,2314.759713258751,2371.38252037798,31044800
2024-09-12,2432.361083984375,2435.2648178689565,2392.6767208950955,2405.2595677282816,29466900
2024-09-13,2376.22216796875,2417.3583969458055,2367.5109665383147,2402.355772260056,33002900
2024-09-17,2328.794677734375,2379.6100229467834,2291.5300912452753,2358.315973524441,33434800
2024-09-18,2405.259765625,2406.711632686746,2362.671665147133,2371.8668232048544,28165900
2024-09-19,2526.732421875,2548.510425894225,2478.336857387833,2502.0506839865448,40450100
2024-09-20,2549.478271484375,2582.3872544875903,2528.1842236587654,2581.41934322279,40654400
2024-09-24,2533.02392578125,2580.451580486363,2526.2485465376626,2576.095979544057,29192300
2024-09-25,2558.67333984375,2579.4834313159045,2524.312491133913,2525.7643579808077,27114900
2024-09-26,2639.01025390625,2639.01025390625,2565.4489924733234,2585.7751305008424,37741900
2024-09-27,2702.861328125,2728.401722285004,2630.1694370542205,2697.949713863461,38750100
2024-09-30,2497.5556640625,2577.614970501475,2480.8561768298305,2554.530385209255,62903500
2024-10-01,2550.110107421875,2557.4775287645807,2513.764162131193,2523.5873905881344,31990900
2024-10-02,2524.078369140625,2549.1275998909987,2500.9937839392996,2504.9230750373977,25911700
2024-10-03,2555.5126953125,2602.664188441464,2544.215983417019,2582.5265715843025,31757300
2024-10-04,2540.286865234375,2559.4421606218734,2528.0078297295686,2554.0393849997586,22315200
2024-10-07,2598.735107421875,2615.4345959216566,2584.491426054414,2611.9964659364073,31459300
2024-10-08,2522.60498046875,2572.212282460055,2511.3082681340966,2559.442085907838,26579100
2024-10-09,2518.1845703125,2548.636577989382,2500.5027594033427,2545.1984480903793,21033300
2024-10-10,2535.375244140625,2570.7388662983403,2533.4105984651965,2550.1100867063396,25652700
2024-10-11,2516.7109375,2549.6187503049377,2514.746291959407,2540.2866839871194,20472100
2024-10-15,2509.834716796875,2553.056919356195,2509.834716796875,2546.1806598581215,22768900
2024-10-16,2480.856201171875,2523.5872424512163,2468.0860049274743,2482.8208467479367,22755500
2024-10-17,2505.414306640625,2536.848636306377,2500.011531229324,2503.940822437543,23200400
2024-10-18,2507.37890625,2528.9900074987754,2492.1529030974534,2528.9900074987754,17752400
2024-10-21,2496.573486328125,2526.043171392002,2488.7149036444243,2504.9232304295565,17422500
2024-10-22,2500.011474609375,2530.9546421733025,2482.8208259627486,2522.1137371550376,22643900
2024-10-23,2574.177001953125,2608.5583013495607,2526.5343442180642,2528.0078284779115,35439900
2024-10-24,2556.4951171875,2573.19460498469,2511.3082678539263,2543.2337592309077,26146100
2024-10-25,2554.039306640625,2572.7034400353064,2530.4635591947117,2548.6365311842696,18218000
2024-10-28,2659.14794921875,2672.409307665168,2561.406825854411,2568.7742472135324,34954200
2024-10-29,2651.780517578125,2671.9181358816445,2638.027997761087,2661.112584596829,22183300
2024-10-30,2663.568359375,2692.0557215073527,2632.625190162272,2637.5368043230224,41528400
2024-10-31,2635.0810546875,2669.462354562267,2607.084853360904,2652.2717046248836,27717100
2024-11-01,2569.265380859375,2609.540617187127,2556.004022556335,2582.526739162415,23741600
2024-11-05,2592.349853515625,2604.1377270443054,2570.2475906493496,2589.894046530483,21319300
2024-11-06,2637.045654296875,2670.9357921524315,2508.852524147595,2569.756540003958,68795700
2024-11-07,2713.175537109375,2763.27399923558,2685.670499079302,2735.2777998121123,55124700
2024-11-08,2615.4345703125,2699.4231734154932,2611.9964403609156,2699.4231734154932,33139900
2024-11-11,2606.593505859375,2636.5543507543102,2606.593505859375,2612.978603951738,18773100
2024-11-12,2668.97119140625,2708.264105523383,2619.36388733337,2629.1871158626527,29839200
2024-11-13,2614.943359375,2675.356213094595,2601.190839829076,2668.9711147339876,20181300
2024-11-14,2618.87255859375,2696.4760590171954,2618.87255859375,2669.9533436826,24174400
2024-11-15,2656.200927734375,2696.476163694844,2651.2893135928543,2655.709766320223,26581600
2024-11-18,2628.69580078125,2647.8510952936695,2616.4167658373917,2627.2223165879873,17020700
2024-11-19,2682.232421875,2688.617520114219,2646.868800857787,2652.2715762909725,19141700
2024-11-20,2650.798095703125,2695.0026220350283,2643.9218360514956,2685.67055536496,15762100
2024-11-21,2627.222412109375,2664.0595182802863,2627.222412109375,2658.6567427085524,16002400
2024-11-22,2617.399169921875,2655.7097601365317,2617.399169921875,2648.3423389414056,17121200
2024-11-25,2646.868896484375,2681.2501959376887,2643.921927959805,2661.112577686462,30731900
2024-11-26,2620.34619140625,2649.3247153599464,2569.7565648430177,2646.377746822282,25146500
2024-11-27,2525.552001953125,2561.406785333634,2507.3790295547847,2554.039364091064,29465300
2024-11-28,2560.91552734375,2565.335979922594,2518.184485748256,2545.198362618971,19673700
2024-11-29,2506.396728515625,2571.7211974344136,2501.4851143112046,2565.827260389109,24496900
2024-12-02,2564.844970703125,2574.177037812156,2511.799536609686,2519.658119438344,20253600
2024-12-03,2605.1201171875,2617.89031384038,2557.9686218537895,2564.8448815899555,28572300
2024-12-04,2584.4912109375,2610.5227643733965,2565.335916899765,2587.9293406365805,19005600
2024-12-05,2585.4736328125,2602.664281966838,2566.8094994449325,2602.1731205624287,20694400
2024-12-06,2582.526611328125,2605.1200354667885,2570.7387378644744,2600.208421523601,12808400
2024-12-09,2598.735107421875,2598.735107421875,2578.5974889368445,2582.5267803485576,17182100
2024-12-10,2632.134033203125,2652.2716512963007,2620.3461591973637,2638.0279702060056,29297100
2024-12-11,2635.0810546875,2651.780543198101,2619.855050457246,2645.8866060767123,17726800
2024-12-12,2670.444580078125,2675.8473555758,2655.2185764028586,2667.006450215968,23514500
2024-12-13,2649.815673828125,2649.815673828125,2621.3283134792778,2621.3283134792778,22366300
2024-12-16,2644.4130859375,2667.0065112631178,2636.554503215546,2650.3070229789655,13700000
2024-12-17,2625.2578125,2661.6037578928904,2622.8020053788587,2640.483816651076,17335100
2024-12-18,2678.30322265625,2690.0910967335926,2642.4484390043326,2643.430761844111,21766700
2024-12-19,2675.847412109375,2677.812057786401,2616.9080417985956,2629.187077280008,17912000
2024-12-20,2722.507568359375,2757.8711882262114,2687.1439484925386,2699.914144555563,51442500
2024-12-23,2786.849853515625,2788.8144991649133,2734.786743809482,2755.41552312701,25299700
2024-12-24,2784.88525390625,2807.478679246583,2778.9913168609455,2799.6200965195103,19906300
2024-12-25,2912.095947265625,2912.095947265625,2743.136425278886,2779.973530363204,55113700
2024-12-26,3086.458251953125,3108.069353653624,2942.056799681607,2946.968413704448,63975100
2024-12-27,3131.64501953125,3163.0793484600454,3098.246045044405,3147.3621839956477,49315300
2024-12-30,3090.387451171875,3132.627330510842,3080.564223418627,3125.7510710835686,24224200
2025-01-06,2957.77392578125,3049.129945408502,2946.9683750726504,3048.147622616811,41298500
2025-01-07,2998.04931640625,3071.723529620689,2941.5657529418463,2950.897819949009,44700900
2025-01-08,3018.677978515625,3038.324434607494,2988.2259715732284,2996.0845540099763,24570000
2025-01-09,2951.880126953125,3016.713434233959,2944.512705671212,3015.7311113963706,26998400
2025-01-10,2880.17041015625,2973.4910748782295,2876.2411190100615,2936.1628089894375,26369200
2025-01-14,2856.103515625,2930.268886366079,2846.7714491079105,2880.170424011178,28127600
2025-01-15,2849.718505859375,2891.4672257832026,2840.3864390528724,2878.69702910062,20709300
2025-01-16,2786.849853515625,2842.842254520345,2771.1326883213173,2838.912963221768,25970400
2025-01-17,2738.716064453125,2781.447107783007,2737.2425802003704,2769.168072343386,22690400
2025-01-20,2819.266357421875,2843.333265351086,2779.9734465170404,2786.8497059253864,25039100
2025-01-21,2824.669189453125,2904.2373356349035,2803.0580880210373,2868.382553713485,28584700
2025-01-22,2863.962158203125,2883.1174530359017,2841.3687335285676,2848.7361546180973,24169400
2025-01-23,2873.294189453125,2876.241157852564,2806.4962390658384,2841.859859859108,21725600
2025-01-24,2831.54541015625,2879.679226321959,2812.3901159678558,2842.842122113508,24980800
2025-01-27,2870.34716796875,2889.5024622108413,2859.050455979824,2861.9974243247616,18257200
2025-01-28,2838.421875,2884.099887523793,2838.421875,2848.7362649247275,18314000
2025-01-29,2878.205810546875,2884.590908761399,2847.2626422764906,2865.4356141178278,17997800
2025-01-30,2896.869873046875,2911.113553331439,2870.838319423361,2875.258771925467,18783700
2025-01-31,2920.936767578125,2935.180447796683,2869.3648219592073,2884.0996635646125,20964200
2025-02-03,2774.57080078125,2820.248811840315,2751.486214547099,2775.061962190487,40169700
2025-02-04,2822.21337890625,2871.3295184625717,2817.301764950618,2856.1035152001123,25931800
2025-02-05,2910.62255859375,2971.5265743321274,2794.708464123935,2841.8599601794526,61048300
2025-02-06,2852.17431640625,2962.6856339869983,2843.82457241126,2908.6578787252993,37833500
2025-02-07,2774.57080078125,2825.6515873419244,2767.2033796426913,2809.443260837095,28713500
2025-02-10,2775.55322265625,2792.74387259307,2764.2565098406258,2776.044384083016,18868200
2025-02-12,2750.50390625,2762.2917801339286,2711.702154715402,2755.4155203683035,29015300
2025-02-13,2775.55322265625,2817.301943931384,2775.55322265625,2799.620132567798,26458600
2025-02-14,2754.92431640625,2831.0543340641157,2753.941993597761,2817.7929761495197,23997400
2025-02-17,2724.472412109375,2750.0128060934544,2690.091112515422,2744.1188690202052,25063500
2025-02-18,2754.43310546875,2778.9911752393346,2708.2639343000515,2717.104839417462,18272300
2025-02-19,2706.79052734375,2742.154148822384,2695.493814926964,2716.122594122834,19526100
2025-02-20,2662.5859375,2682.723554809998,2638.519029007563,2682.2323934121932,22794100
2025-02-21,2658.16552734375,2663.077141400187,2630.6604886277023,2638.5190711180016,21153300
2025-02-25,2662.5859375,2669.9533584670726,2603.155408365615,2603.155408365615,20544600
2025-02-26,2676.82958984375,2681.250042377437,2621.3283524763474,2653.7450043900517,20266800
2025-02-27,2734.78662109375,2734.78662109375,2684.196997894638,2687.1439662363337,22615000
2025-02-28,2641.466064453125,2696.9673038140777,2641.466064453125,2687.6352370188733,93767000
2025-03-03,2745.59228515625,2752.468544904405,2675.3562034429506,2695.984982687416,24143500
2025-03-04,2704.825927734375,2727.4193529524214,2676.829726920709,2696.4761836320536,25099600
2025-03-05,2799.12890625,2824.1781384343744,2716.1226270507987,2725.9458553583963,36898700
2025-03-06,2772.606201171875,2834.983701180525,2767.6945869979654,2809.443307476196,24713900
2025-03-07,2753.450927734375,2753.450927734375,2700.8966556566766,2700.8966556566766,25194200
2025-03-10,2778.9912109375,2791.761407382246,2744.118751415308,2763.2740460824275,17383800
2025-03-11,2705.80810546875,2730.3661750409838,2665.0417099788415,2721.5252699949797,32542100
2025-03-12,2712.684326171875,2717.104778631688,2681.7411589531844,2701.387614330131,23961100
2025-03-13,2670.935791015625,2715.1403186344933,2670.935791015625,2711.2110272905943,26657300
2025-03-14,2697.94970703125,2734.2956524745982,2674.3739586355646,2674.3739586355646,32732200
2025-03-17,2711.7021484375,2742.6453173111754,2701.3877588129412,2701.3877588129412,20673100
2025-03-18,2788.814453125,2806.496263676691,2748.539217979482,2749.5215407879095,29267300
2025-03-19,2840.877685546875,2875.25898533738,2813.3726457144708,2813.3726457144708,25594700
2025-03-21,2794.21728515625,2838.91297384481,2787.8321867721697,2800.60238354033,29746000
2025-03-24,2812.39013671875,2838.4216905514595,2799.1287791058603,2823.19568736629,17186800
2025-03-25,2831.54541015625,2908.6577482992734,2819.757536809546,2864.453223249133,24978200
2025-03-26,2836.45703125,2848.2449046266233,2795.199474431818,2847.262581845238,25294300
2025-03-27,2778.5,2778.5,2722.016439809086,2730.857344882447,43353000
2025-03-28,2700.5,2728.0,2687.0,2725.0,44617200
